Name,Email,City,Country
Devon Bartell,Rex Ankunding@brilliantdigital9350.com,Mosciski view,Cook Islands
Glen Howe,Devin Stanton@creativemedia7912.com,Bettye burgh,Mongolia
Lori Willms,Quinn Pacocha@happysystems9110.com,Skylar bury,Guam
Myra Krajcik,Antonia Oberbrunner@brillianttech5934.com,Ariane bury,Russian Federation
Davin Shields,Jo Ledner@happydigital9340.com,Kessler borough,Democratic People's Republic of Korea
Rudy Cremin,Blair Effertz@quickmedia1788.com,Langosh stad,Bosnia and Herzegovina
Mozell Hand,Frederic Morar@quickventures5162.com,Robel shire,Chile
Burdette Auer,Tremaine Ullrich@brilliantmedia8938.com,Naomi berg,Belize
Eva Kovacek,Jerrod Collins@smarttech4927.com,New Camylle Koelpin port,United States of America
Xander Murazik,Herminio Marvin@quickdigital4912.com,Murray land,Sudan
Antonio Waelchi,Mackenzie Rosenbaum@brilliantventures1451.com,Treutel side,Eritrea
Elliott Daugherty,Wendell Ullrich@dynamicmedia9341.com,Ritchie bury,United Kingdom
Austyn Schaefer,Haylee Kling@brilliantventures8098.com,Cedrick port,South Africa
Odie Walker,Roderick Marks@smartdigital9308.com,North Lucio Skiles side,Benin
Jimmy Willms,Zander Kuhic@creativesystems6842.com,Linda fort,Turks and Caicos Islands
Myah Rau,Tremayne Mraz@quicksolutions1240.com,Klocko view,Cook Islands
Morton Wolff,Leonor Price@quicksolutions5475.com,Ernser view,Nauru
Junior Armstrong,Rhea Wilkinson@innovativesolutions6450.com,Cormier berg,Mauritius
Bridgette McClure,Zelma Schowalter@happytech1858.com,Howe burgh,Liechtenstein
Cameron Tromp,Sallie Bartoletti@creativeventures5788.com,Port Sylvia Ledner stad,Tokelau
Consuelo Grady,Ahmad Casper@quickdigital8743.com,Lake Lloyd Nienow ville,Croatia
Stacey Grimes,Tyrese Moore@happysystems6755.com,Bashirian borough,Burkina Faso
Annamarie Hills,Wilford VonRueden@smartlabs2760.com,North Colten Dickens burgh,"Virgin Islands, U.S."
Brooklyn King,Jaylen Heaney@happymedia4851.com,Boyer mouth,Falkland Islands (Malvinas)
Alivia Ritchie,Agustin Ebert@innovativesolutions6211.com,North Zackery Considine mouth,Honduras
Christian Erdman,Schuyler Heller@creativelabs7509.com,Rocio berg,Turkmenistan
Margarette O'Kon,Faye Howe@smarttech4289.com,Michelle fort,Lebanon
Leonard Kilback,Hannah Donnelly@happysolutions4180.com,Rath town,United States of America
Gilda Blanda,Arlie Johnson@dynamicmedia9312.com,Cartwright stad,Guinea
Juvenal Franecki,Gwendolyn Bernhard@quickdigital5280.com,Von ton,Guinea
Leonora Torp,Milford Little@quickventures6616.com,Keebler stad,Svalbard & Jan Mayen Islands
Alexandro Legros,Octavia Dietrich@happysystems3903.com,Daryl ton,Japan
Brett Feil,Davon Abbott@smartventures8998.com,Chaz chester,Mayotte
Margaretta Toy,Brandyn Buckridge@smartdigital7161.com,Connelly mouth,Democratic People's Republic of Korea
Pinkie Harber,Mariane Nolan@creativesolutions3326.com,Emard side,Western Sahara
Richmond Armstrong,Beryl Bosco@creativesolutions5987.com,Jenkins shire,Indonesia
Maureen Feest,Katheryn Romaguera@innovativetech5437.com,New Eldon Gulgowski borough,Egypt
Alayna Schumm,Eliezer Sawayn@creativelabs4558.com,Wyman chester,New Caledonia
Manuel Marvin,Connie Gusikowski@creativelabs8769.com,Funk shire,Luxembourg
Joan Pouros,Jules Thompson@smartdigital6095.com,Jordyn fort,Saint Martin
Reggie Zieme,Dandre Kulas@smartlabs1965.com,Rosemarie ville,Panama
Briana Abshire,Yadira Hoeger@brilliantmedia5904.com,Abigale land,Sao Tome and Principe
Magnolia O'Reilly,Claudine Sipes@creativesystems5264.com,Bergstrom burgh,Ecuador
Arvid Brakus,Melody Kutch@brillianttech8498.com,Rohan stad,Zambia
Jailyn Balistreri,Zita Huels@innovativemedia1382.com,Schamberger ton,Argentina
Rachel Trantow,Dayana Romaguera@innovativedigital4377.com,Farrell mouth,Sri Lanka
Garrett Schroeder,Stacy Smith@dynamiclabs7266.com,Flatley stad,France
Josephine Pfeffer,Delfina Steuber@creativesystems4072.com,Vivianne shire,Angola
Oran Hermann,Frederique Halvorson@quicktech9208.com,Jacobson view,Lebanon
Bertha Kautzer,Adrian Rowe@smartdigital6730.com,Lake Ashlee Osinski ton,Tuvalu
Magnolia Witting,Jacquelyn Nikolaus@happydigital3851.com,Roscoe side,Guyana
Carlee Corwin,Kitty Lind@smartventures2433.com,Ziemann town,Seychelles
Candida Frami,Favian Mueller@innovativelabs4984.com,Carissa fort,Ireland
Novella Bergnaum,Stanford Pacocha@innovativesolutions9346.com,Nolan shire,Hong Kong
Gay Altenwerth,Wyman Schultz@innovativesystems7988.com,Port Ariane Smith mouth,Ireland
Roberta Weissnat,Tom Braun@happydigital9213.com,Streich ton,United States of America
Elinore Littel,Rylan Shanahan@brilliantsystems8916.com,North Modesto Donnelly borough,Gabon
Haleigh Marvin,Zoe Koch@quickventures3725.com,Jacobson fort,Hong Kong
Herminio Rath,Adriel Lindgren@brilliantlabs5001.com,Chanel bury,Cyprus
Jovan Bednar,Bud Kuhlman@dynamictech6084.com,New Cydney Hegmann town,New Zealand
Bonita Wintheiser,Ulises Kirlin@brilliantmedia7652.com,Collins borough,Montserrat
Ocie Vandervort,Anna Schulist@quickmedia7130.com,Brown shire,Falkland Islands (Malvinas)
Maxime Hand,London Cartwright@brilliantventures3261.com,Stokes furt,Luxembourg
Bartholome Kshlerin,Freeda Mueller@innovativemedia8821.com,Reynold port,Sudan
Rozella Mraz,Santina Dare@innovativesolutions4734.com,Shawna shire,Democratic People's Republic of Korea
Danielle Lind,Santa Carter@dynamiclabs3071.com,Williamson land,India
Silas Hackett,Litzy Pacocha@creativemedia9802.com,Carlos mouth,Haiti
Chloe Daugherty,Chadrick Marvin@quicklabs3190.com,Bayer borough,Sierra Leone
Ned Wolf,Otis Flatley@quickdigital2289.com,Cartwright port,Mauritania
Cleta Kuhic,Jamie Zboncak@happysolutions6667.com,Bernhard ville,Somalia
Earnest Crist,Luna Schaefer@creativelabs2891.com,Koepp side,China
Mollie Leuschke,Lea Feeney@smartventures7147.com,Gregory shire,French Polynesia
Scot Considine,Howard Kling@quicksolutions2156.com,Murray side,Estonia
Constance Pfannerstill,Brendan Dickens@creativetech4742.com,Port Claude Pfeffer ton,Fiji
Graham Bode,Cameron Hyatt@dynamicsystems9313.com,Weber shire,Belgium
Wellington Rippin,Paxton Ratke@quicktech1177.com,Bogisich ville,Czech Republic
Candice Abbott,Theo Dietrich@dynamicdigital9680.com,Beier shire,Paraguay
Nyah Hirthe,Fiona Romaguera@brilliantmedia3214.com,Mante fort,Italy
Adaline Kemmer,Mireille Lynch@dynamictech8243.com,East Saige Leffler fort,Kiribati
Vivien Leannon,Breana King@happymedia2951.com,New Jackeline Fritsch mouth,Albania
Jordy Reinger,Isabelle Lang@creativedigital7128.com,Conroy borough,Solomon Islands
Wava Schowalter,Zackery Kunze@quickmedia4216.com,Schulist ton,Afghanistan
Juvenal Schneider,Caesar Kling@happymedia1412.com,New Violette Effertz side,Finland
Raquel Bartoletti,Berenice Turcotte@dynamicdigital4238.com,Jast fort,Greece
Mckayla Collier,Adrian Baumbach@innovativesystems2687.com,Moen view,Tanzania
Gabe West,Zackery Towne@happyventures6490.com,Quinn berg,Tokelau
Josefa Rolfson,Alisa Boyer@quicktech6577.com,Lake Consuelo McKenzie mouth,Saint Kitts and Nevis
Elmo Eichmann,Monte Morissette@happysolutions8661.com,Ritchie ville,Haiti
Meredith Jacobson,Cayla Kilback@creativelabs6498.com,Beatty port,Indonesia
Athena Daniel,Cathrine Heathcote@happytech2130.com,Glennie bury,Tonga
Maryse Rodriguez,Ronaldo Wyman@innovativesolutions8742.com,Christiansen haven,Tokelau
Melvina Kihn,Bailee Grant@brillianttech4883.com,Schamberger ville,Senegal
Beau Bogisich,Keira Carter@quickdigital8236.com,Zackery ville,Cyprus
Quentin Pfannerstill,Aron Schowalter@quicksystems3005.com,Brown side,"Virgin Islands, U.S."
Ray Spencer,Arvid Howell@dynamictech5836.com,North Gabriel Stiedemann ville,Jordan
Arely Hauck,Ally Blick@quickmedia1562.com,Feest chester,Solomon Islands
Etha Walker,Lori Stanton@quickdigital2019.com,Hane furt,Seychelles
Valentina Carroll,Jarrell Rempel@quicklabs1552.com,Barton view,Chile
Ayla Cassin,Molly Abernathy@smartventures5786.com,Jones berg,"Virgin Islands, U.S."
Billy Hermiston,Enrique Jenkins@brilliantventures7312.com,Eichmann mouth,Haiti
Loyce Grant,Dovie Bartell@brilliantdigital4261.com,Dare stad,Barbados
Burdette Vandervort,Bryce Medhurst@happylabs3687.com,Gideon ville,Northern Mariana Islands
Carmine Conn,Arno Schumm@quicksystems4734.com,Leannon mouth,Bhutan
Cleo Reichel,Bobbie Yundt@dynamicsystems5525.com,Tyreek land,Saint Lucia
Luciano Schuppe,Francisca Prohaska@smartlabs2767.com,Maxie side,Israel
Antonetta Von,Stevie Breitenberg@dynamicmedia9458.com,Sandrine haven,Guinea
Trevion Bogisich,Ettie Hyatt@dynamicsystems6490.com,Maegan view,Portugal
Lesley Brown,Carlotta Nikolaus@smartmedia9685.com,Reinger side,Micronesia
Buford Welch,Zoe Gusikowski@happytech5974.com,Garnet shire,Falkland Islands (Malvinas)
Monserrat Flatley,Desmond Friesen@happysystems5169.com,Murphy ton,Jordan
Clyde Dickens,Armand Waelchi@smartmedia1303.com,East Judd Schaefer stad,Tajikistan
Easter Grant,Holden Shields@innovativemedia9915.com,Krajcik ton,Saint Kitts and Nevis
Gina Wunsch,Henri Little@dynamictech7262.com,Runolfsdottir ville,South Africa
Lilly Frami,Felicita Parker@creativedigital8686.com,D'Amore view,Saint Vincent and the Grenadines
Dameon Heidenreich,Chet Johnson@smartlabs9259.com,Rice furt,Papua New Guinea
Zelma Armstrong,Brandy Dooley@dynamicventures3334.com,Gislason burgh,Gibraltar
Rowland Klein,Cheyenne Goldner@brilliantsolutions3631.com,Waelchi shire,Luxembourg
Eli Reynolds,Anahi Ernser@smartlabs8752.com,Wyman ville,Zambia
Sonya Ernser,Jaleel Gislason@dynamicventures1855.com,Ramon bury,Guinea
Mario Gerlach,Lewis Krajcik@creativeventures2085.com,Schneider port,Bahamas
Stan Wyman,Gwen Treutel@creativesolutions5578.com,Marty view,"Virgin Islands, U.S."
Palma Shanahan,Jensen McGlynn@brilliantventures2389.com,Harris view,Benin
Carmel Turcotte,Jennings Kuhic@smartdigital8345.com,Koelpin haven,Sudan
Thomas Ziemann,Kip Cremin@dynamicsystems4384.com,Ortiz view,Grenada
Armando Gutkowski,Cale Miller@brillianttech6353.com,Abernathy mouth,Uganda
Tyson Barton,Katrina Buckridge@innovativetech9022.com,Virginie haven,Hungary
Eliezer Gulgowski,Toni Grant@innovativemedia7465.com,Herman haven,Syrian Arab Republic
Baby Stanton,Kamron Cassin@dynamicsystems2497.com,West Fanny Lindgren ton,Guinea
Bernard Swaniawski,Demario Prohaska@innovativetech2062.com,Carroll haven,Eritrea
Cleo Walker,Maia Koss@brilliantsolutions2225.com,Gottlieb chester,Mayotte
Narciso Harvey,Roslyn Jerde@dynamictech6429.com,Koch chester,Saudi Arabia
Assunta Wehner,Mikayla Koss@creativeventures3474.com,South Pasquale King mouth,Syrian Arab Republic
Hester Weissnat,Buford Heidenreich@innovativeventures6533.com,West Aracely Swift town,Lesotho
Libbie Kunde,Jamey Walker@smartsolutions7934.com,Breitenberg mouth,Hong Kong
Margarett Runte,Lonzo Jerde@creativetech9390.com,East Wilton Steuber view,Papua New Guinea
Araceli Cruickshank,Antwon Hagenes@quickmedia7381.com,Schumm borough,United Arab Emirates
Shanie Daniel,Toby Gottlieb@happydigital8441.com,Feil land,United Kingdom
Alfonso Hahn,Dejon Senger@brilliantsolutions8769.com,New Cortney Crooks fort,El Salvador
Isac Bradtke,Jean Kunde@innovativesystems2735.com,Esteban land,Sao Tome and Principe
Carolanne Reichert,Waylon Morar@happytech3364.com,Lake Keira Hirthe haven,Philippines
Cruz Kilback,Arlo Witting@innovativesystems7429.com,Port Eileen Hirthe shire,Lithuania
Hank Lowe,Halle Schuster@dynamicdigital5431.com,Gottlieb borough,Iraq
Bette Kerluke,Declan Kub@happylabs2554.com,North Bert Gottlieb borough,Somalia
Charles Smitham,Nicolas Heathcote@dynamicmedia5865.com,South Deven Franecki port,Central African Republic
Alek Wilkinson,Ladarius Weber@creativeventures5268.com,Bosco side,Cape Verde
Dovie Balistreri,Tara Collins@happysystems3324.com,Bashirian burgh,Iceland
Ivy Pacocha,Rolando Halvorson@brillianttech8988.com,New Jamel Terry shire,Faroe Islands
Amie Russel,Melisa Hermiston@happymedia5238.com,Louisa stad,Cameroon
Hilton Homenick,Florence Stanton@smartlabs1372.com,South Nasir Johnson fort,Macedonia
Archibald Kunze,Effie Jones@brilliantmedia1114.com,Clyde fort,"Virgin Islands, U.S."
Leif Gutmann,Cali Prohaska@happysystems9611.com,Mertz bury,Kyrgyz Republic
Sylvia Lockman,Kayley Block@dynamicsystems6189.com,Stoltenberg borough,Costa Rica
Ollie Hamill,Adonis Bahringer@dynamiclabs3938.com,North Carleton Gorczany furt,Lao People's Democratic Republic
Piper Dibbert,Cleta Quigley@creativemedia9455.com,Schimmel burgh,Cote d'Ivoire
Alexandro Tremblay,Candida Zulauf@dynamictech9817.com,Will bury,Sri Lanka
Constantin Windler,Lucinda Collier@happytech6979.com,Hilma mouth,Italy
Devonte Schumm,Darien Reilly@brilliantventures4307.com,Metz mouth,Belarus
Dominic Ruecker,Leonie Abernathy@innovativeventures2763.com,Pacocha chester,Burkina Faso
Dorothy Rodriguez,Vickie Reinger@quickventures6161.com,Hodkiewicz town,Samoa
Doyle Lind,Cedrick Mueller@smartlabs8370.com,Farrell land,Cuba
Adeline Marks,Luz Kub@smartlabs4662.com,Manuel stad,San Marino
Samantha Ondricka,Naomie Mosciski@brilliantmedia8669.com,Aufderhar port,Norway
Lysanne Lind,Alysha Okuneva@brilliantventures9540.com,Medhurst town,Suriname
Willow Torphy,Gilberto Greenfelder@innovativeventures4259.com,Lake Ofelia Kunde fort,Democratic People's Republic of Korea
Ludwig Balistreri,Aileen Wuckert@smartmedia1911.com,East Karson Kozey fort,Thailand
Herminia Konopelski,Tyreek Lakin@happytech9274.com,Evelyn bury,Finland
Horace Wunsch,Merl Gottlieb@smartventures4932.com,Rowan port,Libyan Arab Jamahiriya
Jeffrey Collier,Kendall Dickinson@smartsolutions7831.com,New Eldred Breitenberg port,Northern Mariana Islands
Shane Mills,Tanya Treutel@quicklabs9538.com,Lake Rosalinda Ullrich haven,Israel
Henderson Hansen,Rose Lebsack@dynamicsolutions6457.com,Koepp chester,Isle of Man
Marilou Boyle,Caleb Bednar@creativesystems7438.com,Walter side,Kuwait
Herta Lehner,Rosendo Littel@creativesystems5382.com,Kreiger side,Nepal
Rory Grady,Roma Rath@quicklabs5328.com,Fisher haven,Denmark
Patricia Wolf,Ron Kassulke@quicklabs3650.com,Crona burgh,Palau
Lily McKenzie,Maynard Keebler@dynamicmedia5493.com,Lake Rene Bashirian bury,Nepal
Kylee Nienow,Sanford Huel@happyventures4375.com,New Natasha Schaefer stad,Cote d'Ivoire
Vivian Grady,Cole Nicolas@quickventures1276.com,Macejkovic haven,Venezuela
Antwon Hayes,June Heaney@innovativetech5220.com,Turner furt,Sierra Leone
Grayce Dare,Daryl Conn@innovativesolutions9983.com,Abdiel town,Myanmar
Claudia Dach,Abigail Yost@dynamicsystems8739.com,Bogisich shire,Republic of Korea
Hosea Hahn,Margarete Brown@quicktech4388.com,Bartell mouth,Palau
Cara Kirlin,Estel Gorczany@innovativetech5814.com,Carroll borough,Chad
Sarai Klein,Nathen Huel@smartmedia2654.com,Wiza town,Guatemala
Gloria Blick,Peter Hayes@dynamicmedia1626.com,Larson view,Netherlands
Adolph Welch,Jay Willms@brilliantmedia1453.com,Huels shire,Holy See (Vatican City State)
Ephraim Flatley,Jeremy Gusikowski@creativesolutions5827.com,Effertz land,Barbados
Katheryn Ondricka,Dorothy Von@smartmedia8279.com,Douglas burgh,Kuwait
Joel Kihn,Odie Turner@brilliantsystems8211.com,Hand stad,"Virgin Islands, British"
Misty Gorczany,Chris Hintz@happysystems7663.com,Leannon view,Vietnam
Michaela Bins,Albina Casper@innovativedigital2718.com,Port Roberta Brekke chester,Germany
Annetta Donnelly,Jaylan Kub@creativetech6119.com,Nelson borough,Bahrain
Icie Toy,Stacy Lesch@happymedia9069.com,Katharina port,Tuvalu
Janie Boehm,Columbus Russel@quickdigital6500.com,Halvorson mouth,Turkey
Van Steuber,Chris Langosh@creativelabs2103.com,Haley furt,Jordan
Alene Swift,Davon Trantow@creativeventures2945.com,Lake Roman Strosin ville,Barbados
Keaton Gulgowski,John Kreiger@happysolutions6966.com,Ullrich ton,Qatar
Mariela Weber,Lucius Von@dynamicsystems7605.com,Armstrong ville,Solomon Islands
Francisca Prohaska,Hillary Feeney@innovativesystems9276.com,Corkery mouth,Sudan
Precious Nikolaus,Pinkie Mraz@innovativetech2627.com,Wilma shire,Eritrea
Frances Pollich,Tre Shanahan@smartlabs3137.com,Terry ton,Ecuador
Bessie Predovic,Chasity Kertzmann@quicktech1260.com,Mann mouth,Niue
Billie Champlin,Nico Considine@quickdigital6443.com,New Edyth Metz mouth,Madagascar
Rebeka Larson,Alayna Bruen@brilliantsolutions9237.com,New Cloyd Glover shire,Madagascar
Rigoberto Swift,Cecile Hoppe@dynamicsystems4715.com,Rau bury,Togo
Darion Pollich,Baron Weissnat@innovativesystems5830.com,Moen mouth,Mayotte
Precious Kerluke,Rigoberto Schoen@creativesystems2224.com,Lake Verlie Reilly land,Lao People's Democratic Republic
Nakia Mohr,Preston Muller@smartsystems3956.com,Klein land,Philippines
Jesse Stamm,Leo Swaniawski@smarttech1756.com,Hintz borough,Namibia
Telly Schroeder,Felton Ondricka@quickventures1658.com,Precious town,American Samoa
Marietta Kautzer,Constantin Pacocha@happymedia4776.com,Kozey chester,Netherlands Antilles
Genesis Luettgen,Jabari Tremblay@creativemedia6514.com,West Mariano Welch haven,Christmas Island
Linnea Cummings,Lawson Hettinger@smartmedia3720.com,South Clarabelle Lowe stad,Solomon Islands
Electa Kovacek,Jo Braun@dynamicsolutions9341.com,Rohan mouth,Italy
Cassidy Mraz,Kelton Lindgren@dynamicsolutions5360.com,Carmela bury,United States of America
Elmira Baumbach,Michale Wyman@happyventures1717.com,Harvey fort,Sao Tome and Principe
Janelle Kunde,Anderson Wiegand@creativesolutions5295.com,Stracke chester,Sierra Leone
Lexus Kihn,Kianna Smitham@dynamiclabs2402.com,Rowe furt,Trinidad and Tobago
Orin Morar,Peyton Stoltenberg@innovativemedia4498.com,Daugherty land,Malawi
Agustin Witting,Lucious Cassin@quicksystems4152.com,Ratke borough,Republic of Korea
Bernadette Ledner,Don Konopelski@quicktech1755.com,Bruen port,Solomon Islands
Rickey Russel,David Erdman@smartsystems2748.com,Leffler ville,Burundi
Laurel Corkery,Gus Treutel@creativedigital7677.com,Macejkovic port,Namibia
Justus Beahan,Collin Schumm@brilliantlabs9973.com,Heller fort,Yemen
Flavie Emard,Jan Goldner@dynamicsolutions4343.com,Thompson chester,"Virgin Islands, British"
Gaston Jacobs,Marlene Bashirian@happytech9134.com,Citlalli haven,Gabon
Ettie Dare,Dewitt Berge@quickventures2242.com,Wilkinson mouth,Oman
Hal Paucek,Alexandrea Senger@brilliantsystems3335.com,Hane mouth,Falkland Islands (Malvinas)
Lisa Welch,Mitchel Barrows@creativeventures3136.com,Jerde town,South Africa
Max Bergstrom,Krista Powlowski@brilliantdigital8737.com,Kiehn borough,Ukraine
Name Moore,Chanel Wiza@happyventures3395.com,Goyette ville,Belgium
Margot Von,Drake Hyatt@brilliantlabs5965.com,Towne mouth,Egypt
Carson Kuvalis,Grayson Wyman@brilliantdigital9915.com,Hackett furt,Timor-Leste
Adonis Davis,Myriam Emard@quicktech4185.com,West Alvina Rodriguez furt,Tuvalu
Guiseppe Keeling,Harvey Bashirian@quicksolutions7381.com,Stanton haven,Saint Kitts and Nevis
Timmy Weimann,Sanford Jakubowski@quicklabs6512.com,Port Felicita Marvin chester,Bosnia and Herzegovina
Hal Mills,Eula O'Reilly@creativetech3732.com,Satterfield borough,Sudan
Hailee Windler,Darion Will@happysystems5663.com,Dibbert view,United Kingdom
Nyah Reinger,Broderick Franecki@brilliantsystems6547.com,Christopher mouth,Croatia
Domenica Crona,Graciela Douglas@quicksystems5101.com,Robel chester,Ireland
Jordi Reichel,Precious Altenwerth@quickmedia5854.com,Smitham stad,Armenia
Reuben Boehm,Annamarie Moore@happymedia4143.com,Franecki stad,Serbia
Dayne Hegmann,Jocelyn Kemmer@quickdigital8789.com,Pietro berg,Saint Kitts and Nevis
Jensen Ruecker,Renee Morar@dynamictech9938.com,Greta ton,Vietnam
Ozzie Lind,Zena Turcotte@creativedigital1611.com,Anderson bury,Bahamas
Olen Roob,Jaron Rowe@creativetech4312.com,Schiller ton,Lesotho
Jaquan Prosacco,Maxime Gleichner@smarttech3173.com,Beahan bury,Hungary
Ted Weissnat,Ivah Kemmer@innovativedigital1565.com,Witting mouth,Montenegro
Howard Kuhlman,Rosendo Walsh@quicklabs3934.com,Giles bury,Luxembourg
Soledad Herman,Avis Gorczany@quickmedia2251.com,Welch ville,Saint Pierre and Miquelon
Yadira Bernier,Audie Rath@smartdigital9618.com,Ari ton,Tonga
Astrid Luettgen,Shaina Collins@dynamicsystems9725.com,Art bury,France
Jasper Bauch,Baron Koelpin@creativelabs1433.com,East Caroline Robel borough,Isle of Man
Ezequiel Reichert,Jayce Kemmer@creativesystems7083.com,Schulist bury,Colombia
Myles Reilly,Landen Donnelly@quickdigital7657.com,Georgianna port,Micronesia
Virgil Casper,Lincoln Nienow@happyventures7501.com,Linwood berg,Bahrain
Alba Tillman,Magnus Spencer@happydigital4815.com,Thompson burgh,Macedonia
Felipa Mante,Gertrude Huel@creativedigital6321.com,Considine mouth,Bangladesh
Angelica Orn,Lucio Murray@quickmedia3682.com,Baumbach side,Paraguay
Bernice Hane,Ozzie Larkin@happydigital9291.com,West Jayne Wisoky burgh,Mongolia
Christy West,Fannie Langworth@happylabs5890.com,Baumbach shire,Greece
Dallas Reichert,Icie Reynolds@innovativetech1985.com,Shaun bury,Mayotte
Marielle Howe,Johathan Schiller@quickdigital8108.com,Fahey ton,Guam
Kelvin West,Ivy Rutherford@happyventures5648.com,Everett side,Romania
Seamus Crooks,Paris Kuphal@brilliantventures8319.com,Edna fort,Guadeloupe
Nona Sawayn,Lloyd Feest@smarttech3765.com,Gleason haven,Guernsey
Felix Macejkovic,Salvatore Ryan@dynamicdigital9808.com,Kreiger bury,Vanuatu
Joseph Lind,Isabel Eichmann@smartmedia3799.com,Reichel haven,New Zealand
Alexzander Shields,Lillie Feest@dynamicventures3957.com,Ullrich side,Ethiopia
Kurt Lesch,Emilio Block@innovativesystems9160.com,Tabitha ville,Christmas Island
Ivy Feil,Eloise Anderson@dynamicsolutions4619.com,Jerde mouth,Uruguay
Emery Nader,Devin Schneider@smartsolutions3899.com,Monahan burgh,Botswana
Fermin Pfeffer,Jessika Goyette@creativedigital1270.com,Hayes chester,French Guiana
Adell Stoltenberg,Mariana Gaylord@happymedia4661.com,West Sigurd Ferry borough,Faroe Islands
Zaria Marvin,Marshall Kemmer@happysolutions7749.com,Lynch stad,Iceland
Mateo Gorczany,Billy Kessler@innovativemedia8183.com,Herman port,Slovenia
Daisy D'Amore,Anahi Bechtelar@smartmedia2529.com,Collins burgh,Tunisia
Ronaldo Cremin,Grayson Rice@quicksystems6616.com,Grimes view,Czech Republic
Missouri Dibbert,Kitty Kozey@dynamiclabs8429.com,Ledner ville,Indonesia
Andy Bergnaum,Cesar Nitzsche@brilliantlabs5068.com,Beahan chester,Tajikistan
Elta VonRueden,Morton Ledner@quickmedia6271.com,Schultz chester,Palestinian Territory
Reagan Rogahn,Urban Bosco@quicksystems6255.com,Conroy chester,Maldives
Brandon Schneider,Isabel Renner@innovativedigital3272.com,Legros mouth,Estonia
Emanuel Watsica,Lavonne Dare@smartmedia1197.com,North Ole Emmerich fort,Saint Barthelemy
Thalia D'Amore,Leonard Gerlach@happymedia3024.com,Cummings mouth,Benin
Otho Simonis,Camryn Graham@creativelabs2030.com,Hintz view,Netherlands
Logan Sipes,Lorna Conn@smartsolutions9823.com,Hollis ton,Yemen
Keagan Runolfsdottir,Antonia Kassulke@dynamicdigital2706.com,Volkman port,Slovenia
Delbert Russel,Darian Gulgowski@brilliantsolutions8074.com,New Diana McGlynn haven,Cuba
Rodrigo Yundt,Julio Romaguera@happytech7680.com,Fay stad,Slovenia
Dina Robel,Vernon Volkman@brilliantmedia4381.com,Augustine port,Kazakhstan
Bernadette O'Reilly,Lacy Terry@brilliantmedia6643.com,Quinn chester,Portugal
Jody Bashirian,Okey Renner@dynamictech6962.com,Barton mouth,Uganda
Lulu Boyer,Eric Koepp@innovativesolutions7620.com,Jenkins port,Christmas Island
Joana Stanton,America Hermann@quickmedia6996.com,Konopelski side,Faroe Islands
Elvera Daniel,Tyra Monahan@innovativeventures3699.com,Hills chester,Macedonia
Donnie Toy,Amara Stamm@smartsystems2619.com,East Greg Conroy ville,Macedonia
Bell Schuppe,Jaylan Luettgen@innovativesystems5506.com,Dietrich ton,Macao
Shania Hackett,Orpha Howe@creativeventures5957.com,Letha port,Saint Kitts and Nevis
Araceli Hammes,Meredith Von@innovativetech8365.com,Hyman bury,Guadeloupe
Charlotte Dietrich,Jessyca Renner@creativetech6763.com,Reuben town,Macedonia
Forrest Lindgren,Murl Thompson@dynamiclabs3269.com,Bahringer view,Togo
Lucious Mueller,David Collier@creativeventures9308.com,Cronin chester,Estonia
Richard Berge,Ali Bashirian@happysystems1722.com,Nader ton,Kiribati
Alda Considine,Ozella Lockman@quickmedia7302.com,Ryan land,Norfolk Island
Isidro Considine,Janie Okuneva@quicklabs5200.com,Crona haven,"Virgin Islands, U.S."
Annamae Ziemann,Raina O'Connell@quicktech3139.com,Rhett mouth,Mexico
Muhammad Champlin,Sterling Koelpin@brilliantventures4140.com,Barrows furt,Bosnia and Herzegovina
Tina Kunze,Geovanny Dach@innovativemedia7315.com,Schinner ville,Eritrea
Emmy White,Abraham Stanton@creativedigital6512.com,Considine view,Ukraine
Elijah Schaden,Ari Davis@innovativemedia6572.com,Cyrus side,Senegal
Miracle Dare,Leilani Strosin@dynamicsystems9477.com,Beau burgh,Botswana
Ezekiel Littel,Shanon Davis@creativemedia1416.com,Reichert ville,Holy See (Vatican City State)
Valerie Jakubowski,Misael Leuschke@quicksystems8010.com,Green shire,Azerbaijan
Shanon Olson,Jaylan Heidenreich@quickventures9268.com,Jaskolski chester,Northern Mariana Islands
Nat O'Hara,Vaughn Jacobs@innovativedigital5802.com,Blick burgh,Mongolia
Christian Jacobson,Alivia Morissette@dynamicdigital7199.com,O'Reilly view,Uruguay
Lacey Christiansen,America D'Amore@quicklabs8279.com,Emmerich ville,Iraq
Fausto Huels,Aylin Lind@dynamicsolutions6724.com,Cristina ton,Myanmar
Trudie Johns,Dion Mante@creativetech6024.com,O'Keefe mouth,Jersey
Luciano Wunsch,Lea Eichmann@creativetech2026.com,Bernardo berg,New Zealand
Phyllis Nicolas,Retha Runolfsdottir@creativesolutions5336.com,German stad,Nepal
Dakota Moen,Ashlee Stamm@smartlabs4153.com,Edwina berg,Cook Islands
Casimer Tromp,Erin McClure@quicktech9390.com,Luettgen ville,Saudi Arabia
Chanel Conn,Chaz Gleichner@dynamicmedia6130.com,Johns shire,Luxembourg
Annette Reichert,Mariane Swaniawski@brilliantdigital3989.com,Lauretta furt,Austria
Nelda Friesen,Easter Anderson@innovativesolutions5714.com,South Evelyn Lehner chester,Spain
Chadrick Kuhn,Destiny Dietrich@quickmedia7960.com,Runolfsson ville,Bahrain
Micheal Macejkovic,Pete Brakus@smartsystems8679.com,New Reba Heaney town,Saint Martin
Alfreda Treutel,Candice Howell@quicksystems3156.com,South Jordan Runolfsson mouth,United Arab Emirates
Barney Osinski,Dariana Jakubowski@brilliantventures7862.com,North Matilda Koepp bury,Taiwan
Willow Kuphal,Rodger Cronin@creativesystems1464.com,Dicki bury,Sri Lanka
Emely Koss,Sabrina Jacobi@happymedia1915.com,Strosin side,Brazil
Bell Bradtke,Amira Farrell@smartsolutions1201.com,West Kirstin Spinka stad,Finland
Daryl Rau,Dylan Hoeger@creativelabs5723.com,Pouros bury,Libyan Arab Jamahiriya
Novella Watsica,Giuseppe Reinger@creativesystems7242.com,West Nakia Raynor view,Myanmar
Herta Reilly,Sylvester Nader@dynamiclabs6891.com,South Gregory Powlowski mouth,Papua New Guinea
Adelbert Bednar,Pierre Lang@innovativelabs7173.com,Dibbert ville,Kazakhstan
Imani Gleason,Roscoe Corwin@innovativesolutions5324.com,Hyman shire,Senegal
Addison Bechtelar,Hillard Turcotte@creativesolutions4313.com,Ullrich haven,Panama
Jonathan Howell,Maryse MacGyver@dynamicsystems5102.com,Bosco berg,Ireland
Gerry Schowalter,Kevin D'Amore@brillianttech8367.com,West town,Uganda
Kris Emmerich,Josefina Vandervort@happyventures2657.com,Walsh side,Belarus
Salvador Corkery,Jillian Langworth@brilliantsolutions6563.com,Littel ville,Poland
Abraham Mohr,Brook Raynor@brillianttech4607.com,Deckow ton,Turks and Caicos Islands
Kareem Ondricka,Gerardo Labadie@smartdigital7066.com,Green furt,Sri Lanka
Nannie Hilpert,Trever Kiehn@quickmedia7028.com,West Mikayla Simonis port,Tajikistan
Freeman Schiller,Kane Wilderman@dynamicmedia9147.com,Murazik stad,Finland
Estevan Cartwright,Rocky Gottlieb@happymedia5825.com,Muller furt,Pakistan
Gennaro Renner,Tessie Torphy@smartsystems6281.com,Port Brayan Rogahn burgh,Serbia
Terrell Casper,Leonor Jacobs@quickventures5961.com,Lindgren port,Mali
Reynold Treutel,Lula Koepp@dynamictech1318.com,Gerlach burgh,French Guiana
Adan Jaskolski,Adolfo Zulauf@innovativesolutions8261.com,Runolfsdottir view,Nigeria
Emil Keebler,Bulah Hartmann@happymedia6095.com,East Greyson Hodkiewicz ton,Eritrea
Alfredo Davis,Friedrich Brown@creativetech7695.com,Mohr port,Kuwait
Roslyn Hermann,Jacques MacGyver@innovativesystems4938.com,Mayer furt,British Indian Ocean Territory (Chagos Archipelago)
Taya Von,Jedidiah Koss@innovativelabs6543.com,Jones view,Honduras
Naomi Runolfsdottir,Luna Stark@dynamicventures5049.com,Schneider side,Uganda
Yesenia Ward,Trent Spinka@quickdigital4818.com,Kessler mouth,French Guiana
Paxton Morar,Karlee Predovic@dynamiclabs3346.com,Brown ton,Bulgaria
Hosea Haley,Aurelie Tremblay@innovativelabs3582.com,Upton mouth,South Africa
Lexi Robel,Jamarcus Hammes@dynamiclabs8622.com,Port Ignatius Stanton chester,Guam
Rebecca Anderson,Vinnie Steuber@dynamicmedia1926.com,Rempel haven,Australia
Fredy Boyer,Marlen Lehner@smartventures6658.com,East Nelson O'Hara shire,Tanzania
Louie Hills,Westley Haag@smartlabs8945.com,Lakin chester,Syrian Arab Republic
Arnoldo Heidenreich,Rosamond Schuster@happyventures9190.com,Upton borough,Slovenia
Florence Lind,Abbie Carter@creativesolutions3872.com,Schimmel bury,Iceland
Lora Rau,Orin Abshire@creativeventures8963.com,Jacobs mouth,Faroe Islands
Macie Wyman,Nikita Hamill@dynamicsystems1455.com,Kling fort,Saint Helena
Zakary Franecki,Mariela Quigley@happylabs9775.com,New Zella Treutel haven,Serbia
Catharine Kiehn,Nicole Leffler@innovativesolutions8110.com,Spinka borough,Saint Lucia
Dexter Buckridge,Lilyan Lesch@creativesystems1074.com,Wolff side,Japan
Breanne Collier,Vivianne Witting@brilliantdigital6302.com,Zboncak ton,El Salvador
Horacio Weber,Elenora Mohr@innovativedigital7066.com,Block ville,Liechtenstein
Harmon Leannon,Estell Maggio@happylabs4639.com,Vilma fort,United States of America
Jason Gibson,Felicita Kutch@brilliantsystems1182.com,Haley ville,Swaziland
Alf Koepp,Otilia Reichel@creativemedia3384.com,Daniel mouth,Azerbaijan
Glenna Reilly,Blaze Mills@happymedia7352.com,Hermiston borough,American Samoa
Eric Mann,Rogelio Bauch@innovativesystems1572.com,Quitzon shire,Maldives
Rosa Ratke,Roman Gutkowski@creativesystems5662.com,Deja land,Slovakia (Slovak Republic)
Jedediah Lebsack,Eve Bechtelar@innovativelabs2692.com,Kozey ville,Slovenia
Kristina Schroeder,Destiney Bins@creativesystems6875.com,South Victor Cummings stad,Argentina
Johnnie Huels,Willow Hodkiewicz@happymedia8540.com,Port Edgar Luettgen bury,Kazakhstan
Evie Bergstrom,Manuel Tillman@smartdigital5772.com,Vandervort fort,Mayotte
Eve Haag,Pierre Morissette@happylabs8735.com,Hintz stad,Bulgaria
Santa Bailey,Heather Hills@happysolutions1365.com,Frami furt,Anguilla
Dangelo Ruecker,Van Ondricka@brilliantsolutions9916.com,Lake Jack Schneider mouth,Costa Rica
Armando Gusikowski,Kathryn Rosenbaum@quickmedia9418.com,Murphy shire,Guinea-Bissau
Gladys Jenkins,Jaqueline Rosenbaum@quicksolutions9384.com,Barrows mouth,Svalbard & Jan Mayen Islands
Claudine Bernier,Erling Champlin@creativetech7677.com,Tromp ton,"Virgin Islands, British"
Rosario Boyle,Loyal Doyle@creativelabs6986.com,Grimes borough,Italy
Madonna Flatley,Carmel Boyle@brilliantdigital7490.com,Thomas land,Tonga
Randall Gutkowski,Audreanne Stehr@creativedigital1052.com,New Mia Bayer side,Sweden
Malachi Kunze,Vladimir Hudson@dynamicsystems4891.com,DuBuque chester,Seychelles
Rosendo Hudson,Gladys Sipes@brilliantlabs4681.com,Bode chester,Philippines
Jessy Trantow,Eda Koss@dynamictech7222.com,Harber shire,Philippines
Samanta Reynolds,Curt Hoeger@brilliantmedia1900.com,Roosevelt mouth,Somalia
Moshe Wolff,Emie Schroeder@brillianttech3720.com,Martin town,Lesotho
Clair Kiehn,Gloria Kirlin@innovativemedia8977.com,North Adriana Lebsack shire,Mozambique
Kellen McLaughlin,Ezra Macejkovic@innovativetech9494.com,Mikayla ton,Liechtenstein
Jeanie Kerluke,Quinton Wilkinson@creativetech9505.com,Leila land,Ethiopia
Otha Ullrich,Ruthie Carter@innovativesystems2654.com,Summer shire,Slovenia
Aniya Botsford,Chet Koelpin@brilliantsystems3634.com,Larson borough,Estonia
Watson Bode,Jabari Pollich@quicksystems3223.com,Bahringer furt,Ukraine
Vallie Murphy,Morris Bauch@brilliantlabs1494.com,Emard fort,Solomon Islands
Toby Orn,Joan Schuster@quicklabs5274.com,Chanelle haven,Belize
Jordan Block,Hilario Ziemann@dynamictech8281.com,Winona berg,Marshall Islands
Millie Harber,Jacinto Williamson@dynamicmedia9801.com,Antonina ville,Saint Pierre and Miquelon
Claudia Reichel,Erica Barrows@innovativesystems4398.com,Hintz burgh,United Kingdom
Mara Skiles,Ramona Jakubowski@quicktech4738.com,Daugherty town,Bhutan
Yadira Conroy,Kayli Crona@quickdigital7649.com,East Damien Bergnaum berg,Tuvalu
Dewayne Langosh,Joshuah Kuhlman@innovativeventures3325.com,Wyman port,Senegal
Mckenna Schmeler,Theodore Schaden@happyventures1713.com,Pacocha chester,Aruba
Lawson Welch,Bart Kuhn@brilliantdigital1200.com,New Jakayla Altenwerth mouth,Cook Islands
Victor Brekke,Chaz Armstrong@innovativedigital2076.com,Ziemann haven,Central African Republic
Krystal Powlowski,Annette Denesik@innovativeventures2964.com,Williamson ville,Uruguay
Araceli Padberg,Bernardo Hand@innovativemedia5517.com,Weimann ville,Ukraine
Alec Sawayn,Florence Schmitt@brilliantsolutions3526.com,Forrest fort,Tunisia
Maximus O'Hara,Aryanna Bednar@dynamiclabs7373.com,Kemmer view,Nepal
Isadore Herzog,Maureen Bauch@dynamicsystems2442.com,Port Eric Nitzsche ton,Haiti
Aditya Bins,Dillan Sipes@smartventures3626.com,Huel stad,Venezuela
Alberto Hansen,Oswald Barrows@brilliantsolutions4106.com,Eleazar borough,Albania
Fabiola Wilkinson,Bernhard Huel@innovativesolutions9481.com,Vincenza ville,Marshall Islands
Ervin Kiehn,Dexter Labadie@innovativetech6207.com,O'Kon ton,French Guiana
Susana Lang,Cornelius Hickle@creativelabs9590.com,West Margie Bashirian port,Hong Kong
Mariana Mosciski,Josefa Ruecker@brilliantdigital8686.com,Graham side,Central African Republic
Keyshawn Collier,Jalen Hahn@happytech1061.com,Lynch stad,Gambia
Johan Ziemann,Frances Koss@dynamicsystems9350.com,Kuhic mouth,Netherlands
Norval Mohr,Estefania Wolf@innovativedigital6370.com,Spinka berg,China
Gilda Murazik,Sammy Cole@smartdigital9578.com,Walter side,Turkmenistan
Annie West,Miller Pagac@smartsolutions6421.com,East Jamal Stanton land,Congo
Bella Hamill,Delores Keebler@quickventures2240.com,Gerhold chester,Belgium
Terence Cole,Barton Okuneva@smartmedia8947.com,Weber port,Italy
Austen Hettinger,Kevon Fisher@creativeventures2535.com,Block stad,Maldives
Liliane McGlynn,Arch Hauck@happytech2428.com,Mueller ville,Honduras
Gabriel Jenkins,Marcus Reynolds@creativedigital6982.com,Thompson town,Estonia
Sonya Reinger,Owen Terry@dynamicsystems6307.com,Hahn port,Western Sahara
Alf Kshlerin,Rosalee Tremblay@quickventures9392.com,Terry shire,Svalbard & Jan Mayen Islands
Asa Kirlin,Karlie Schoen@brilliantsystems6548.com,Lourdes stad,Israel
Curtis Lebsack,Kody Schuster@dynamicsystems7416.com,Cormier shire,Cuba
Ashly Prosacco,Weston Davis@smartlabs1585.com,Dora furt,South Africa
Jacinthe Hilpert,Foster Mante@smartmedia4727.com,New Douglas Rippin port,South Africa
Isadore Bode,Neal Kemmer@happysolutions6909.com,Crona burgh,Christmas Island
Omari Lehner,Tania Padberg@smartdigital4205.com,North Lottie Okuneva view,Saint Lucia
Garnett Rolfson,Robyn Mohr@innovativeventures3312.com,Kuhn fort,"Virgin Islands, British"
Henri Turner,Natalie Dach@brilliantdigital6243.com,South Olin Jakubowski chester,South Africa
Robbie Koch,Jaylen Heidenreich@happysystems2659.com,Murray side,Estonia
Kaycee Hyatt,Jamey Moore@smartmedia1417.com,Hammes shire,Myanmar
Kelli Ziemann,Rosina Cremin@happysystems3103.com,Kris mouth,Italy
Arnold Haley,Palma Altenwerth@smartdigital5986.com,Wiza view,Central African Republic
Kari Hills,Rosemarie Torp@brilliantlabs5868.com,McGlynn ton,Mongolia
Selina Simonis,Aiden Kassulke@brilliantdigital9903.com,Abshire shire,Niue
Raphael Schoen,Stanford Schamberger@brilliantsolutions6240.com,Annette chester,Oman
Marilou Harvey,Saige Daugherty@smartlabs6894.com,Narciso borough,Mexico
Salma Rice,Nona Ryan@innovativedigital4565.com,Eichmann burgh,Antarctica (the territory South of 60 deg S)
Jan Goodwin,Catharine Kilback@happysolutions1953.com,Yost burgh,Yemen
Miguel Bosco,Nash Renner@creativemedia8147.com,East Lonny Frami bury,Estonia
Verona Bechtelar,Derick Gibson@happyventures3530.com,Dangelo ton,Israel
Roosevelt Wolf,Asia Kuhlman@creativeventures2937.com,Blanda chester,Thailand
Dorris Robel,Modesto Kozey@innovativesolutions2475.com,Hahn mouth,Azerbaijan
Lauren Kiehn,Misael Crooks@brilliantsystems2948.com,Aufderhar fort,Sierra Leone
Reilly Waelchi,Jarrell Mann@happytech7086.com,Port Eleazar Treutel borough,French Guiana
Felton Schultz,Tiara Wilkinson@brilliantsystems4521.com,O'Kon bury,Reunion
Izaiah Kreiger,Cathrine Tremblay@innovativetech6772.com,Lake Chaz Lueilwitz mouth,Andorra
Damian Sauer,Clyde Bednar@brilliantlabs5028.com,Brekke ville,Gibraltar
Armando Johns,Osborne Wisoky@quicksystems4174.com,Carolyne bury,France
Violette Green,Alanna Erdman@happytech9475.com,Lake Elena Cormier bury,Italy
Sarai Grady,Jose Kuhlman@happysolutions5894.com,Hoppe borough,Yemen
Caleb Lang,Sienna Runolfsson@dynamiclabs9732.com,Alize shire,Bulgaria
Gust Smitham,Malcolm McGlynn@quickmedia8692.com,Vandervort chester,Syrian Arab Republic
Josue Muller,Oma Kuhn@brilliantmedia3718.com,Vandervort ton,Dominica
Sheridan Yost,Roosevelt Cole@quickmedia9562.com,Mayert fort,Tajikistan
Ambrose Stoltenberg,Rogelio O'Kon@creativemedia5808.com,Altenwerth town,Zimbabwe
Nathan Bernier,Jeremie Abernathy@innovativelabs3955.com,Dicki mouth,Switzerland
Tate Ratke,Adolphus Leffler@brilliantventures9579.com,Lake Gilberto Miller ville,Romania
Destin Lemke,Judge Wiegand@dynamicmedia5030.com,Port Helen Parisian borough,Guinea
Katharina Koss,Ebony Sporer@smartventures8591.com,Port Jeanette White chester,Mali
Salma Lebsack,Keaton Gusikowski@quickdigital6011.com,Renner port,Iran
Lavada Johns,Wilfred Goodwin@dynamictech4846.com,Charlie burgh,Trinidad and Tobago
Retta Kulas,Dale Armstrong@happymedia8613.com,King shire,Pitcairn Islands
Amani Beer,Ashly Schuppe@smarttech8102.com,Swaniawski burgh,Tonga
Carey Lynch,Mack Kutch@dynamicmedia3376.com,Rogahn ville,French Southern Territories
Emerson Mayer,Elvera Dibbert@smartlabs6065.com,Koepp furt,Jamaica
Jovany Balistreri,Meagan Bruen@brilliantsystems4002.com,Emerson burgh,China
Ardith Kessler,Ralph Effertz@smartlabs9307.com,Brekke furt,Northern Mariana Islands
Warren Mayer,Silas Murazik@happymedia2671.com,Glover ville,Bulgaria
Samantha Flatley,Ethel Gleason@brillianttech7067.com,Jacobson town,Madagascar
Camylle Hermann,Phoebe Rosenbaum@happyventures3547.com,Gleason berg,Norway
Isobel Senger,Skylar Cummerata@quicksolutions4450.com,Rolfson ville,Morocco
Domenico Willms,Verla Cartwright@quickmedia7965.com,Schowalter mouth,Peru
Dedrick Erdman,Maxime Wilderman@dynamicsolutions2564.com,East Opal Considine stad,Swaziland
Hilda Hodkiewicz,Elise Prohaska@creativetech8434.com,Jedidiah shire,Mali
Marge Schinner,Edgar Hermann@happytech8008.com,Kutch shire,Bouvet Island (Bouvetoya)
Kaylee Hoppe,Hilda Greenholt@dynamicsystems6682.com,Smitham ton,South Georgia and the South Sandwich Islands
Karli Davis,Hillard King@creativeventures3765.com,Lake Max Kirlin burgh,Mayotte
Violet Baumbach,Darrick Carter@creativesystems5236.com,Jacobson haven,Antigua and Barbuda
Rod Pacocha,Damon Baumbach@creativemedia8099.com,Heidenreich berg,Bosnia and Herzegovina
General Pagac,Keven Feil@brillianttech6330.com,West Aida Beahan berg,Ireland
Winfield Considine,Luisa West@dynamicventures3691.com,Sipes town,Belize
Kari Reichel,Janis Simonis@brilliantmedia5359.com,Christiansen chester,Kiribati
Merle Toy,Eveline Jacobi@smartventures4631.com,Kerluke stad,Equatorial Guinea
Addie Cartwright,Marta Bode@brilliantventures9898.com,Ritchie fort,Mexico
Loyal Haag,Arely Christiansen@dynamicsystems7933.com,Towne bury,China
Franz Rosenbaum,Graham Runolfsdottir@dynamictech9962.com,Kris chester,Ireland
Leon Upton,Maci Heathcote@creativesystems8004.com,East Cleve Kutch shire,French Guiana
Reyes Kling,Angela Kuhn@brilliantmedia8181.com,Ritchie side,Iraq
Ludie McLaughlin,Marcelo Greenfelder@creativelabs9807.com,North Alphonso Waters side,Tonga
Jessy Jacobson,Concepcion Rutherford@innovativedigital7247.com,Schaden furt,Palestinian Territory
Emmanuel Pouros,Jeanie Heaney@innovativemedia7865.com,South Deron Dicki mouth,Vietnam
Kari Murray,Camren Franecki@quickmedia7837.com,Anabel mouth,Togo
Libby Blick,Deonte MacGyver@smartsystems8365.com,Port Jensen Walsh view,Canada
Francis Monahan,Giles Cronin@quicksystems2182.com,New Eleonore Mann ton,Canada
Celestino Stanton,Loma Terry@creativetech6156.com,Hessel bury,Tonga
Andrew Bernhard,Eloise Gulgowski@quicksolutions3905.com,Lake Rupert Waelchi ville,Wallis and Futuna
Duane Schmitt,Maggie Hilpert@brilliantsystems8078.com,Brekke ville,Suriname
Maxwell Conn,Rodrick Wolf@happysolutions7036.com,Harvey view,Qatar
Vincenzo Friesen,Rozella Schmeler@creativelabs3918.com,West Alda Howe shire,Guyana
Orion Hettinger,Mazie Trantow@happymedia9972.com,Volkman fort,Senegal
Randall Keeling,Cesar Kuhic@quickventures6841.com,Nikolaus fort,Puerto Rico
Delores Romaguera,Kane Sporer@creativelabs7430.com,Kreiger haven,Belize
Ryley Berge,Natalie Schowalter@innovativemedia9548.com,Tillman bury,Reunion
Hobart Flatley,Archibald Hansen@happymedia8521.com,Jazlyn mouth,United States Minor Outlying Islands
Raymundo McCullough,Sebastian Zulauf@smartsystems5507.com,Janelle mouth,Ireland
Kari Friesen,Murray Gaylord@dynamicmedia4445.com,Bode chester,Iceland
Fritz Williamson,Brain Runte@happyventures5605.com,Heidenreich chester,Sri Lanka
Dudley Ortiz,Danika Boehm@creativelabs3125.com,Percy land,Madagascar
Ignatius Lynch,Suzanne Torp@dynamictech3929.com,O'Conner view,Austria
Amelie Abernathy,Burley Kris@brilliantventures6540.com,Kacie side,Hong Kong
Lucy Weber,Pinkie Bechtelar@quickventures2225.com,Fidel port,Zimbabwe
Keshaun Sauer,Talia Walsh@brillianttech7736.com,Jana town,French Polynesia
Anabelle Kiehn,Delfina Zboncak@happyventures2651.com,West Brittany Bruen shire,Slovenia
Beau Rogahn,Clementine Strosin@innovativesystems9023.com,Greenholt port,French Polynesia
Sallie Miller,Garry Kozey@innovativesystems6848.com,New Ryan Medhurst berg,Puerto Rico
Hayden Robel,Hortense Pouros@smartmedia9524.com,Jacobs furt,Zimbabwe
Adolf Spinka,Forest Grimes@happysolutions8195.com,Ansley town,Burkina Faso
Amira Hackett,Akeem Stiedemann@smarttech3562.com,Yessenia port,Libyan Arab Jamahiriya
Aurelie Keeling,Paolo Dietrich@happysystems8233.com,Port Daphney Howell view,Iran
Carole Pollich,Susanna Hoeger@quicksolutions1450.com,Dickinson borough,Mali
Orpha Russel,Renee Thompson@smartlabs6964.com,Feeney stad,Iceland
Samson Connelly,Itzel Kris@quickmedia5749.com,Moen borough,Georgia
Arjun Kassulke,Candice Schuppe@happytech2489.com,Schulist shire,Papua New Guinea
Bryce Lowe,Golda Dach@smartsystems8659.com,Yost chester,Bhutan
Esteban Beahan,Elmore Smith@creativelabs1430.com,Harris mouth,Vietnam
Sheridan Predovic,Nedra Crooks@quickmedia4034.com,Davis burgh,Burundi
Earnestine McDermott,Aubree O'Reilly@smartmedia3536.com,Raina ton,Cote d'Ivoire
Benedict Rohan,Antoinette Schowalter@innovativemedia6035.com,Port Bridie Kulas shire,Zimbabwe
Gladys Prosacco,Quinton Konopelski@dynamicmedia3744.com,Odie land,Vanuatu
Hassan Mertz,Dejon Boyle@happysystems8840.com,Stanton chester,Iran
Larry Nader,Deonte Gibson@smarttech5572.com,Hane mouth,Burundi
Mikayla Emard,Rogers Kozey@brillianttech6793.com,Adams mouth,Cocos (Keeling) Islands
Watson Lynch,Tito Corkery@smartsystems6537.com,Dibbert bury,Bermuda
Bridgette Greenfelder,Jaeden Howe@smartlabs8056.com,Lake Emmanuel Grant port,Haiti
Reba Zboncak,Juana Kerluke@quicksolutions5860.com,Napoleon berg,Saint Kitts and Nevis
Janae Schmeler,Bart Rath@creativedigital3604.com,Johns side,Lao People's Democratic Republic
Carmela Schmitt,Tanner Harber@quicktech8878.com,North Jasen Graham borough,Netherlands
Lawson West,Noah Hessel@quicktech9657.com,Hartmann town,Armenia
Roscoe Bradtke,Vivianne Buckridge@innovativesystems9132.com,Bauch side,Kenya
Myrtie Kris,Guillermo Klocko@smartsolutions5426.com,Javonte view,Iran
Gail Hills,Joe Yundt@brilliantdigital6615.com,Nader furt,Belgium
Arvilla Huel,Emie Rodriguez@quicklabs9591.com,Turcotte ville,India
Daron Rutherford,Penelope Williamson@smartdigital6967.com,Frami ville,Libyan Arab Jamahiriya
Ruth Pacocha,Beryl Hoeger@quicksystems1057.com,Ocie land,Philippines
Jacquelyn Hyatt,Eliza Mraz@creativemedia5426.com,Elza shire,El Salvador
Vena Watsica,Rebecca Smitham@quicksystems8240.com,Imogene mouth,Burundi
Edyth Moore,Allen Cassin@dynamicventures5405.com,Dasia borough,Saudi Arabia
Molly Hane,Hector Boyle@brilliantdigital1298.com,West Camron Labadie burgh,Haiti
Pablo Goyette,Icie Reinger@creativetech7727.com,Elda side,Kuwait
Granville Grady,Candida Fahey@quicksystems1952.com,Kautzer borough,Iraq
Brian Wiza,Gabriel Cole@dynamicsolutions8158.com,Dickinson shire,Heard Island and McDonald Islands
Garnett Schamberger,Zaria Windler@happytech4591.com,Parisian haven,Saint Kitts and Nevis
Citlalli Ratke,Wayne Deckow@innovativedigital2219.com,Joaquin haven,Heard Island and McDonald Islands
William Kohler,Blake Kub@quicktech1150.com,O'Conner town,Mexico
General Fahey,Thelma Grant@smartmedia3470.com,Tobin side,French Southern Territories
Salvador Schinner,Carolyne Willms@dynamicsolutions9893.com,Ziemann stad,Saint Pierre and Miquelon
Else Erdman,Mitchel Thiel@dynamicsystems7469.com,Guy stad,Micronesia
Wava Brekke,Emelia Reichel@innovativetech2613.com,East Tyreek Gulgowski shire,Christmas Island
Lucio Reynolds,Eliseo Kub@happyventures9637.com,Muller fort,Slovakia (Slovak Republic)
Nicholaus Bogan,Jaquelin Cartwright@creativelabs5486.com,Elinore port,Tokelau
Ashlynn Heller,Elna Deckow@brilliantmedia1369.com,Kariane mouth,Indonesia
Chanel Ledner,Deborah Greenholt@innovativelabs5087.com,Prohaska mouth,El Salvador
Zoey Cummerata,Aaliyah Vandervort@creativetech3968.com,Mona stad,Antarctica (the territory South of 60 deg S)
Candido Bauch,Elmira Lemke@dynamicsystems9154.com,Carlotta shire,Nauru
Marco Predovic,Gabrielle Huels@quicksystems3205.com,Reilly chester,France
Claudine Quigley,Bella Bartoletti@brillianttech4322.com,Gulgowski haven,Turkmenistan
Keagan Borer,Aron McLaughlin@smarttech1650.com,Monahan port,Saint Vincent and the Grenadines
Jacky Toy,Lavinia Mitchell@innovativesystems4212.com,West Karley Volkman ville,Macao
Naomie Kerluke,Reagan Pagac@happysystems5870.com,Elda land,Republic of Korea
Vince Cassin,Gage Collier@happylabs2579.com,Rodriguez chester,Djibouti
Tre Kshlerin,Neva Schuppe@innovativetech5823.com,Koepp bury,Nauru
Dario Moore,Sarina Waters@brillianttech1351.com,Kellen view,Mayotte
Paris Zieme,Ellis Crona@creativetech3190.com,Goodwin berg,Chad
Dashawn Hills,Georgianna Tromp@happyventures2563.com,Dare burgh,Colombia
Alvena Little,Ralph Boyle@creativesystems4570.com,Friesen bury,Western Sahara
Marlin Wolff,Watson Jast@creativeventures5034.com,McDermott mouth,Zimbabwe
Bart Larkin,Margot Wehner@quicksystems4847.com,O'Connell side,Democratic People's Republic of Korea
Jayden Runolfsdottir,Greta Hudson@dynamicmedia4437.com,Marlen berg,Norway
Concepcion Simonis,Dariana Lemke@brilliantsystems2574.com,Hodkiewicz bury,Equatorial Guinea
Caesar Pfeffer,Ellsworth Jenkins@happylabs5613.com,McCullough ton,Israel
Malachi Armstrong,Callie Jerde@happytech2236.com,Cremin stad,Cameroon
Roscoe Marquardt,Cristina Jast@smartsolutions9584.com,Brent port,Bangladesh
Orlo Yundt,Una Walsh@dynamiclabs1448.com,Merlin ville,Somalia
Delphine Gutmann,Tierra Cassin@creativelabs4349.com,Hand view,"Virgin Islands, British"
Melany Runolfsson,Hildegard Effertz@quicktech2919.com,Goodwin fort,Mozambique
Chance Okuneva,Maurice Klocko@quickventures5412.com,Hulda town,Mongolia
Lamont Osinski,Zion Mraz@happysolutions4973.com,Watsica port,Bosnia and Herzegovina
Malachi Batz,Claude Gleichner@smartmedia7319.com,Bruen view,Mali
Twila Reichel,Allen Witting@smartsystems5195.com,Bruen mouth,Cape Verde
Tina Carroll,Omari Rippin@innovativetech3767.com,Kenna berg,Germany
Emely Grant,Trent Klein@innovativesolutions2973.com,Geo ville,Martinique
Vanessa Kozey,Modesta Stroman@brilliantlabs9085.com,East Marcelo Orn town,Guadeloupe
Katharina Corkery,Juanita Nikolaus@dynamicmedia4909.com,Heller port,Togo
Trystan Smitham,Alex Lubowitz@brillianttech3238.com,Ullrich port,Central African Republic
Katelyn Rosenbaum,Hershel Hahn@brilliantdigital7885.com,Thomas side,San Marino
Keven Brown,Casandra Bogisich@smartmedia5174.com,Kirlin burgh,Kyrgyz Republic
Rod Kulas,Cassie Marquardt@quickventures3108.com,East Bert Jakubowski side,Norfolk Island
Ulices Bashirian,Zachariah Schmidt@happyventures4945.com,Jast ton,Chile
Chad Lynch,Brandi Rohan@quickventures5779.com,Dicki furt,Kenya
Queenie Borer,Violet Franecki@brilliantventures4335.com,Alysa view,Lesotho
Elbert Kirlin,Dina Walter@quicksystems9506.com,Lake Genesis Zboncak haven,Lebanon
Luisa O'Reilly,Name Gorczany@innovativetech6982.com,Fernando mouth,Tokelau
Kris Mohr,Oliver Moore@smartlabs8434.com,Murray town,Faroe Islands
Hayden Keebler,Lenore Kling@innovativemedia2770.com,Edison land,Azerbaijan
Joaquin Russel,Krista Breitenberg@quickmedia5903.com,Langosh fort,Sweden
Lindsey Wunsch,Reese Turner@smartsolutions4923.com,New Esther Gleichner borough,Kiribati
Marisa Koepp,Joanny Gerhold@quickventures6653.com,Casper port,Mali
Callie Runte,Conrad Wisoky@happymedia9589.com,Reynolds land,Uruguay
Nat Williamson,Trey Balistreri@innovativemedia7358.com,Beer ville,Vanuatu
Freddie Durgan,Anissa Cormier@dynamicsystems4161.com,North Marilie Heaney side,Saint Martin
Chadd Kris,Samantha Boyle@quicklabs2527.com,Gleason town,Republic of Korea
Patrick Dach,Addison Howell@brilliantmedia8380.com,Corwin ville,Bangladesh
Stella Ruecker,Carey Parisian@happylabs3731.com,Murphy stad,Morocco
Rocio Schimmel,Karson Lubowitz@creativesolutions8945.com,Port Leora DuBuque side,Haiti
Roberta Powlowski,Wilson Labadie@innovativeventures6011.com,Fadel stad,Netherlands Antilles
Stan Lockman,Dock Schaefer@innovativelabs1857.com,Lang view,Slovakia (Slovak Republic)
Bridie Kihn,Efren Konopelski@brilliantsolutions4920.com,Port Keanu Tillman borough,Zambia
Benedict Schimmel,Deanna Bode@dynamicmedia8031.com,Burdette ville,French Guiana
Scottie McGlynn,Novella Mayer@happysystems4548.com,Rohan haven,Aruba
Eloy Braun,Leopold Weber@smartsystems2485.com,Stehr stad,Marshall Islands
Georgiana Ortiz,Elvie Wisozk@dynamicsolutions4313.com,Brent stad,Macao
Clemmie Hilpert,Allie Gerlach@smartmedia9770.com,Mosciski land,"Virgin Islands, U.S."
Albina Smith,Toni Schmidt@innovativetech9135.com,McKenzie view,Norfolk Island
Brandon Schultz,Kailee Howe@brillianttech4289.com,Bergstrom borough,Italy
Mertie Murray,Jess Metz@brilliantlabs3021.com,Kemmer chester,Kiribati
Rosa Hartmann,Phoebe Zieme@creativelabs1227.com,Oberbrunner borough,Bhutan
Hilbert D'Amore,Heather Gutmann@innovativeventures4171.com,Stoltenberg shire,Cuba
Adelbert Gusikowski,Elfrieda Hyatt@happysystems1485.com,Lake Kariane Ritchie town,Nauru
Julien Nicolas,Deshawn Fisher@quicktech2704.com,Kassulke furt,Nepal
Selmer Jones,Karelle Cole@brillianttech8514.com,Strosin mouth,Republic of Korea
Braden Moore,Annetta Hills@brilliantmedia1241.com,Moshe ville,Botswana
Wilhelm Heaney,Deon Hagenes@dynamicdigital2473.com,Keeley chester,Sao Tome and Principe
Erich Armstrong,Bryon Watsica@quickventures9232.com,Hauck shire,Argentina
Odie Waters,Consuelo Stoltenberg@quicksolutions5894.com,Kertzmann port,Monaco
Isabelle Mueller,Consuelo Bernier@brilliantmedia9053.com,Pacocha port,Romania
Ernest Lockman,Maya Stoltenberg@creativesolutions7723.com,South Izaiah McKenzie land,Sri Lanka
Jean Bode,Norval Hahn@innovativelabs6916.com,Marcelina ton,Fiji
Aniya Blanda,Ursula Hintz@happysystems7964.com,Leann berg,Mongolia
Serena Hegmann,Christop Pouros@innovativeventures6970.com,West Laurianne Bergnaum mouth,Palestinian Territory
Oran Effertz,Raphael Dicki@brilliantventures4983.com,Gusikowski bury,Qatar
Ellie Fadel,Rocky Waters@quickventures2635.com,Ferry ville,Cyprus
Jenifer Nicolas,Shawn Treutel@smartmedia9220.com,Mueller mouth,South Africa
Maximilian Kemmer,Sigurd Walsh@quickmedia9142.com,Boyle burgh,Venezuela
Gillian Marvin,Pedro Barton@quicklabs3145.com,Wyman town,Lao People's Democratic Republic
Eldred Rowe,Patricia Wehner@brilliantsystems5893.com,Frami chester,Cook Islands
Rogelio Corkery,Bert Okuneva@creativeventures9852.com,Purdy view,Sao Tome and Principe
Jovanny Turcotte,Heather Kunde@quickdigital9614.com,Thad mouth,French Polynesia
Nellie Spencer,Dalton Anderson@creativesolutions8280.com,Labadie furt,Bouvet Island (Bouvetoya)
Edgardo Stracke,Jordon Bogan@smartsystems1164.com,Simonis ville,Cape Verde
Nelson Hane,Evelyn Hartmann@dynamicdigital5807.com,New Nathan Lynch view,Iraq
Tyree Cruickshank,Conor Skiles@smartlabs9827.com,Bernhard chester,Heard Island and McDonald Islands
Destiny Rath,Agustina Schimmel@quickmedia8828.com,Kertzmann shire,Guyana
Oleta Rippin,Collin Purdy@quickdigital4155.com,Jermain stad,Ghana
Saul Legros,Richie Walsh@innovativeventures5338.com,Pouros mouth,Pakistan
Chandler Fahey,Jeff Crona@happyventures5407.com,South Lillian Mueller berg,Austria
Murphy Grimes,Jamie Smitham@happysolutions5109.com,Gonzalo side,Namibia
Lillie Walsh,Vesta Block@smartsystems6553.com,Blick berg,Djibouti
Eileen Reichert,Cristina Bailey@brilliantmedia7962.com,Elva shire,India
Mikayla Hilll,Anne Roob@quickdigital9023.com,Port Marjorie Conn fort,Congo
Talon Grimes,Catharine Towne@quickventures8644.com,Stanton borough,Portugal
Delbert Dickinson,Keenan Orn@innovativeventures2808.com,Port Gino Cremin stad,Estonia
Maribel Gerhold,Lupe Stracke@brilliantdigital3247.com,Auer shire,Turkey
Liza Koelpin,Alfonso Gorczany@smartsolutions4251.com,Vandervort chester,Guinea-Bissau
Gavin Dickinson,Mariela Breitenberg@innovativelabs3452.com,Kassulke town,Grenada
Treva Runte,Bridgette Williamson@happyventures9950.com,Rutherford berg,Marshall Islands
Granville Dach,Vida Hodkiewicz@quickventures5205.com,Julio view,Thailand
Jessica Erdman,Jarrod Nicolas@dynamicsystems4969.com,North Barton Rath burgh,San Marino
Vladimir Graham,Lorenza Davis@dynamicsolutions5141.com,Hills port,Cayman Islands
Rosina Jast,Malcolm Schmitt@dynamicsystems7376.com,Wuckert mouth,Isle of Man
Amy McCullough,Muhammad Dickens@quickventures7270.com,Bayer furt,Belgium
Joey Moore,Alexanne Stiedemann@dynamiclabs3086.com,East Zelda Hansen ville,Afghanistan
Ulices Feeney,Zachery Graham@quickdigital7243.com,Kuvalis mouth,Lesotho
Christ Schulist,Valentin Schmitt@quicksolutions7505.com,Zoila town,Georgia
Zella Nader,Donny Pollich@creativetech5928.com,Medhurst town,Grenada
Casandra Bogisich,Russ Reichel@creativesolutions1429.com,Damon shire,Montenegro
Dorothea Schulist,Maximillian Veum@brillianttech9006.com,Osinski stad,Wallis and Futuna
Michael Kling,Freda Emard@brilliantlabs2327.com,Mayra port,Iceland
Brenna Feil,Erling Stroman@happysystems9851.com,Roob fort,Marshall Islands
Collin Emard,Desmond Veum@quicksolutions8897.com,Dare ton,Libyan Arab Jamahiriya
Sandy Herman,Leopold Stark@happyventures4008.com,West Kathryne Schuppe side,Central African Republic
Carrie Wisoky,Prudence Weber@creativelabs9311.com,North Myriam Medhurst view,Fiji
Camden Ernser,Bart Cole@smartsystems5766.com,Lockman furt,Czech Republic
Juliet Smitham,Deanna Mayert@creativesystems4355.com,Marvin borough,Oman
Aliya Gibson,August Cruickshank@quickdigital1126.com,Osborne town,Haiti
Turner Morar,Keagan Hamill@creativeventures1017.com,Kulas ville,Somalia
Jazmin Harvey,Kailee Sporer@smartsolutions5872.com,Lake Nicholas Brekke view,Holy See (Vatican City State)
Joyce Bechtelar,Linnea Erdman@smartsystems3228.com,New Arvid Kertzmann side,Palestinian Territory
Della Ullrich,Jovani Blick@happysystems3627.com,East Christop Bogisich town,Greece
Ashlee Dooley,Mittie Kutch@creativesystems2959.com,West Alexandra Rutherford chester,Macao
Natalia Miller,Sam Rempel@innovativesolutions9148.com,Romaguera borough,Egypt
Courtney Wintheiser,Hiram Sporer@quickmedia7211.com,Doyle borough,Maldives
Corine Christiansen,Coy Denesik@brilliantlabs9714.com,Langworth ville,Iran
Mac Cormier,Constance Reichel@dynamicsystems8097.com,Balistreri stad,Martinique
Nora Kunde,Georgette Windler@brilliantlabs6689.com,North Shanna Considine ville,Austria
Willie Barton,Ciara Green@happymedia2406.com,Kuhic stad,Iceland
Tabitha Kovacek,April Kuhn@dynamicmedia3708.com,Aliyah burgh,Syrian Arab Republic
Scarlett Lesch,Marlee Mohr@quicksystems2862.com,Brakus furt,Haiti
Grady Nicolas,Chaz Parker@creativeventures2905.com,Wisozk view,Comoros
Olga Crist,Julianne Mitchell@innovativeventures9642.com,McDermott side,Hong Kong
Rylan Thiel,Marisa Effertz@smarttech8448.com,East Esmeralda Murray burgh,Mongolia
Katelyn O'Kon,Grayce Rohan@creativedigital7445.com,Mckenzie borough,Mali
Carolyn Goyette,Broderick Hayes@innovativemedia1670.com,Erdman burgh,Austria
Cleve Streich,Rosalind Fisher@happymedia3249.com,Medhurst ville,Montenegro
Bertrand McCullough,Elvie Fadel@creativeventures5876.com,Ryan land,Guatemala
Vita Kerluke,Larue Carroll@smartsolutions9233.com,Wintheiser land,Gabon
Elena Williamson,Candice Hand@happydigital8871.com,Tromp berg,Grenada
Jamie Jenkins,Ryder Jenkins@happydigital7524.com,Lubowitz borough,Mayotte
Myrna Hyatt,August Krajcik@innovativedigital1997.com,Ziemann stad,Netherlands
Merlin Cormier,Merl Champlin@innovativemedia8677.com,Kreiger town,Australia
Elliott Wilderman,Mose Hoeger@happydigital2114.com,Osinski ville,Isle of Man
Zachary Dooley,Brandon Gleichner@creativesolutions2948.com,Lindgren mouth,Slovenia
Kayli Mann,Reba Monahan@smartventures6453.com,Port Kathryne Effertz land,Iran
Grover Waters,Mathew O'Reilly@happylabs4628.com,Bartell fort,Mayotte
Theresia Batz,Frankie Jaskolski@quicksolutions7071.com,Cristian chester,Guinea
Chloe Graham,Kenna Grimes@brilliantsolutions2655.com,East Delfina Wiegand burgh,Lesotho
Cooper Kemmer,Ursula Kunze@creativesystems5627.com,Doyle side,Afghanistan
Seth Dach,Rigoberto Bogisich@dynamicventures7335.com,Daniel port,Mongolia
Alvera Kunze,Marianna Dach@innovativemedia4733.com,Liana stad,Argentina
Aurelio Schimmel,Margarete Olson@quickmedia6181.com,Junius bury,Iceland
Joany Grant,Edwin Ondricka@innovativelabs5333.com,Mario bury,Netherlands Antilles
Maud Ondricka,Vern Hilpert@happytech3592.com,Jast shire,Honduras
Toy Mitchell,Camren Fahey@brillianttech1310.com,Pacocha port,Germany
Alexandre Borer,Josianne Fisher@innovativesystems8805.com,Huel haven,Mexico
Mellie Maggio,Retha Mitchell@happyventures1867.com,East Rico Steuber furt,Togo
Freeda Zboncak,Gonzalo Nikolaus@creativesystems9766.com,North Jon Mosciski shire,United Arab Emirates
Kris Romaguera,Nicklaus O'Keefe@happysystems9456.com,New Kendrick Dicki ton,Taiwan
Nedra Crooks,Alvina Marvin@smarttech1435.com,Stark land,Cambodia
Tyreek Rosenbaum,Laila Swift@brilliantlabs1754.com,Jast port,Sweden
Autumn Streich,Sheldon Reichel@creativelabs8816.com,D'Amore side,Panama
Cristal Harris,Jillian Rolfson@creativemedia7191.com,Christiansen view,Malawi
Deja Lind,Frida Heathcote@creativelabs4211.com,Hintz haven,Monaco
Leila Christiansen,Michael Cronin@dynamicsolutions4324.com,Ezekiel stad,Equatorial Guinea
Dallas Kautzer,Greta Skiles@brilliantmedia9471.com,Runte town,San Marino
Lempi Jacobson,Bonnie Baumbach@dynamiclabs6493.com,Sandy berg,Andorra
Chelsea Goyette,Matt McClure@creativesystems9661.com,West Kendra Wiegand view,Ghana
Reymundo Conn,Augusta Hand@creativesolutions8530.com,South Cecile Hintz haven,Indonesia
Rudy Davis,Hubert Sawayn@quicksystems7796.com,North Violette Bosco side,Taiwan
Herminio Runolfsson,Daija Heathcote@brilliantlabs7078.com,Port Cleora Lemke stad,Myanmar
Janice Hayes,Marilie Jacobi@happyventures1861.com,Dora shire,Turkmenistan
Tristin Rohan,Lessie Von@happydigital2865.com,Wilderman furt,Canada
Joy Beier,Max Collins@happytech5114.com,Hayes view,Papua New Guinea
Douglas Ward,Stephania Feeney@brilliantsolutions8480.com,Jillian port,Saint Kitts and Nevis
Tracey Effertz,Rhoda Hane@creativedigital1481.com,New Deshawn Weissnat port,Kiribati
Turner Hermann,Brian Keeling@innovativetech8576.com,Wolf bury,Qatar
Verda Sanford,Felicita Harvey@quicklabs2635.com,Koepp borough,Mayotte
Carolyn Huels,Bo Collins@happysystems5345.com,Karlee land,Seychelles
Cassidy Fadel,Naomi Emard@creativeventures3539.com,Talia stad,Denmark
Lillie Kohler,Ashtyn Hauck@creativedigital8944.com,Kuhic mouth,Japan
Vivien Borer,Murray Hahn@smartdigital9135.com,Collins side,Suriname
Sophie Rath,Mercedes Casper@smartdigital5660.com,New Kay Bruen borough,Barbados
Vance Welch,Stephan Daniel@innovativetech7297.com,Lesch stad,Cape Verde
Braeden Schimmel,Maegan Pfeffer@creativetech8375.com,Jermain chester,Lebanon
Aglae Glover,Kareem Klein@creativesolutions9601.com,Dickinson fort,Portugal
Pamela Toy,Bradford Heathcote@smarttech6488.com,Leuschke land,Sudan
Santos Gleason,Enola Padberg@quicklabs6607.com,Blanda borough,Montenegro
Della Sipes,Toney Quitzon@brilliantdigital1102.com,Olson fort,Turks and Caicos Islands
Amelie Aufderhar,Bethany Turcotte@innovativesolutions2445.com,Zora fort,Denmark
Joaquin Rolfson,Laila Abbott@dynamiclabs4222.com,Robel furt,Faroe Islands
Adela Donnelly,Kyle Maggio@smartsystems5486.com,O'Kon shire,Poland
Roslyn Jones,Cody Morar@innovativetech3168.com,Quitzon burgh,Heard Island and McDonald Islands
Jayne Bode,Kristoffer Hintz@happytech7347.com,Charlie haven,Bolivia
Maria Roob,Frankie Blick@dynamicsolutions9299.com,Port Destiney Cruickshank bury,Comoros
Tavares Mitchell,Brain Daugherty@dynamictech1892.com,North Erika Prosacco mouth,Brunei Darussalam
Heber Carter,Otha Christiansen@brilliantdigital9704.com,Keara furt,Andorra
Harmony Durgan,Irwin Hane@smarttech6412.com,Nicolas mouth,Comoros
Lillie Bogisich,Emerald Kihn@happydigital8879.com,Lake Ben Kunde shire,Tuvalu
Nia Luettgen,Citlalli Bergnaum@smarttech7837.com,North Helga Gulgowski mouth,Zambia
Jarrell Gutmann,Jorge Pacocha@creativetech7292.com,Johns mouth,Tokelau
Reynold Parker,Erling Conn@smartlabs3113.com,Fisher chester,Ecuador
Edgardo Zemlak,Camren Paucek@dynamicmedia3381.com,Mossie stad,Latvia
Marc Bayer,Raphael Boyle@smartmedia3930.com,South Preston Adams land,Guadeloupe
Kaitlyn Blick,Carlee Stamm@innovativesystems2929.com,Mills ton,Gambia
Alford Turner,Imani Hagenes@smartmedia8800.com,Lamar burgh,Iraq
Marge Ondricka,Elmira Schamberger@quicklabs8969.com,Ole mouth,Australia
Aaliyah Lemke,Soledad Dare@quickmedia7699.com,Frederique view,Liechtenstein
Audra Rau,Amos Lubowitz@creativedigital5139.com,North Sarah Bode haven,Bahamas
Benedict Okuneva,Megane Mraz@dynamicmedia9713.com,Chandler port,Bhutan
Madison Brown,Fae Hand@innovativeventures9506.com,Champlin stad,Germany
Pearl Barrows,Lucie Barrows@innovativeventures1960.com,New Evan Pollich port,Denmark
Pierce Howe,Milton Waters@happysystems3335.com,South Micah Osinski burgh,British Indian Ocean Territory (Chagos Archipelago)
Abraham Emard,Alexander Hilll@dynamiclabs7378.com,McKenzie shire,United States of America
Mikel Abbott,Verla Bradtke@dynamicdigital5852.com,Flatley town,Ukraine
Fredrick Russel,Grace Douglas@brilliantsystems5060.com,Bergstrom chester,Iceland
Deshawn Bartell,Felicita Schiller@innovativesolutions8271.com,Bernhard mouth,New Caledonia
Adan Collier,Rylan Goyette@dynamiclabs5573.com,Murazik fort,India
Constantin Heaney,Charles Bergnaum@happytech7963.com,Port Cletus Johnson fort,Lesotho
Lorenz Macejkovic,Abel Koch@happydigital7590.com,Heidenreich berg,Pakistan
Gavin Cassin,Halie Weimann@smartsystems7377.com,West Stephany Ratke land,Malawi
Marcelle Hackett,Eda Tremblay@smarttech3856.com,South Rosemarie Kertzmann berg,Argentina
Bernadine Gleichner,Florine Feeney@creativesolutions9528.com,North Ephraim Sipes side,Faroe Islands
Chase Stoltenberg,Giovanna Ebert@brillianttech8472.com,Madge fort,Turkey
Aditya Schowalter,Alycia Veum@creativedigital8068.com,Predovic burgh,Somalia
Lauriane Steuber,Emmie Larkin@quicklabs5188.com,Johnston town,Angola
Jessica Bednar,Cooper Spinka@smartmedia5127.com,Joel ton,El Salvador
Gwen Stanton,Bo Green@brillianttech4114.com,Pfannerstill side,Nepal
Ara Jaskolski,Norberto Romaguera@happylabs9632.com,New Jerel Mraz furt,Namibia
Lourdes Gislason,Lafayette Howell@innovativedigital5687.com,Port Wyatt Marvin view,Grenada
Erna Boehm,Lori Jakubowski@brillianttech9149.com,Camilla stad,Trinidad and Tobago
Osvaldo Parker,Isaias Kuhlman@smartlabs3859.com,Port Cecilia Wolff fort,Norway
Mohammad Bauch,Una Harber@dynamicventures3452.com,Gaylord shire,Sao Tome and Principe
Maritza Schaefer,Morris Ferry@quicksolutions4640.com,Welch ton,Pitcairn Islands
Marty Kerluke,Bernie Osinski@quickmedia1764.com,Jenifer burgh,Taiwan
Collin Casper,Major Christiansen@happyventures6344.com,East Claudie Bergstrom burgh,India
Fidel Berge,Horace Kessler@dynamicmedia4611.com,West Olga Hackett view,Luxembourg
Nadia Parker,Ladarius Pouros@innovativeventures8449.com,Daphne mouth,Brazil
Keyon Kunde,Heidi McLaughlin@brilliantmedia6076.com,Port Collin Greenholt side,Guyana
Bethany Hartmann,Adolfo Wolf@dynamicventures2528.com,Tre furt,Bangladesh
Carolina Tremblay,Isabella Terry@creativedigital2316.com,Little chester,Ecuador
Fannie McClure,Melany Mayert@dynamictech3229.com,Zieme stad,Pitcairn Islands
Abbigail Erdman,Jessica Hilpert@dynamicmedia3859.com,East Jadon Murazik berg,Germany
Candice Labadie,Mertie Blick@brilliantdigital5454.com,Hills berg,Argentina
Lue Lehner,Kyra Glover@happylabs2991.com,Ziemann furt,Rwanda
Kennedi Halvorson,Jeffery Batz@brilliantlabs7901.com,Mraz stad,Argentina
Kathleen Walter,Adelia Greenfelder@dynamicmedia5611.com,North Mohammed Barton bury,Liechtenstein
Terrance Feil,Lavada Cartwright@brilliantmedia7154.com,Lorna berg,Mayotte
Jordan Gaylord,Rudy Robel@innovativesystems7398.com,Port Tamara Fahey berg,Cape Verde
Daphnee Klein,Althea Lueilwitz@smartmedia7208.com,Solon port,Sudan
Susanna Quigley,Milan Dietrich@happysystems7156.com,Moen bury,Belarus
Ebba Schaden,Shawn Rohan@smartsystems3109.com,Witting view,Solomon Islands
Sonny Daniel,Abigale Schulist@innovativetech5401.com,Abshire furt,Tokelau
Hannah Collier,Jalon Erdman@brilliantsystems3779.com,Tracey view,Poland
Lafayette Hilll,Omer Franecki@innovativelabs2836.com,Jacobs furt,Saint Lucia
Frederic Beahan,Hallie Runte@smarttech5300.com,Alyce view,Argentina
Lavina Pouros,Laron Lemke@brilliantmedia1097.com,Lake Darwin Abshire side,Netherlands
Triston Mraz,Kaelyn Kunze@smartventures7284.com,Prosacco town,Wallis and Futuna
Candelario Ortiz,Sofia Heathcote@smartventures3435.com,Yost stad,Bermuda
Betsy Dach,Ruth Kohler@brilliantdigital8881.com,Schaefer side,Norway
Roma Halvorson,Edwin Schaden@happymedia8095.com,Schmeler town,Cambodia
Gay Ziemann,Jeremie Vandervort@smarttech7625.com,Roob ville,Congo
Ressie Fahey,Onie Sawayn@innovativesolutions4887.com,Ratke fort,Bermuda
Mekhi Kessler,Caitlyn Douglas@brilliantlabs8017.com,Weimann burgh,Mozambique
Gudrun Lueilwitz,Sincere Lehner@creativesystems9166.com,Rodriguez ton,Seychelles
Ole Graham,Walker Windler@brilliantsolutions7788.com,Effertz berg,Libyan Arab Jamahiriya
Carter Nicolas,Deven Zulauf@innovativelabs5223.com,Merl land,Burundi
Emil Cassin,Devonte Ryan@quickventures9603.com,Marianna bury,Honduras
Felicity Adams,Rogelio Gutkowski@happysolutions4047.com,Lonnie chester,Australia
Josue Kulas,Darby Conroy@happylabs9055.com,Koelpin land,Malaysia
Birdie Huel,Dominic Schinner@quickmedia1372.com,North Lenny Gibson shire,Switzerland
Tad MacGyver,Anastasia Hane@innovativesystems1281.com,Sigurd burgh,Dominican Republic
Anissa Batz,Leanne Streich@quicktech5404.com,Farrell chester,Falkland Islands (Malvinas)
Rupert Schneider,Annamarie Schuster@creativetech5574.com,Gerlach mouth,Mauritius
Olen Beahan,Rodrigo Waters@quicksolutions9432.com,Stroman borough,Chad
Sydney Kovacek,Imogene Schaden@innovativesolutions8880.com,West Paige Crona port,Suriname
Meta Schaefer,Haleigh Eichmann@dynamicventures1620.com,Britney haven,Guinea-Bissau
Dayana Kohler,Ola Huel@dynamicdigital5686.com,Dewitt port,Congo
Matteo Lebsack,Haven O'Connell@brilliantmedia6969.com,Mills ville,Croatia
Hermann Raynor,Kattie Ebert@dynamictech6160.com,South Aurore Schinner berg,French Polynesia
Sadie Bernier,Casandra Reinger@creativesolutions9189.com,North Camden Corkery shire,Mauritania
Milan Heathcote,Moriah Beahan@happysolutions3497.com,Casimir borough,Mozambique
Chase Murazik,Ivory Gleason@brilliantventures6956.com,New Wilfredo Cummerata land,Bulgaria
Deshaun Hoppe,Monroe Stracke@brilliantmedia2633.com,Welch fort,Serbia
Obie Rodriguez,Carolanne Hane@innovativetech8218.com,New Agustina Beer bury,Qatar
Deron Wintheiser,Aron Simonis@innovativesolutions3024.com,Florine haven,Central African Republic
Rhiannon Morissette,Katelyn Braun@brillianttech2977.com,Lyda side,Bahrain
Pasquale Stokes,Alexane Stamm@dynamicdigital7004.com,North Walter Balistreri view,Gambia
Cale Strosin,Fletcher Feeney@smarttech5121.com,Marcos borough,Senegal
America Fay,Charity Bogan@creativesolutions2833.com,Daugherty ville,Bouvet Island (Bouvetoya)
Katlynn Wintheiser,Tyrique Koch@dynamictech8161.com,Port Herminia Stiedemann view,Denmark
Therese Welch,Torey Hudson@creativemedia6540.com,Altenwerth haven,Gambia
Andreane Farrell,Darius Vandervort@quickmedia5189.com,Josefina view,Myanmar
Monique Roob,Trevor Stamm@quicksolutions1859.com,Kautzer land,"Virgin Islands, U.S."
Alisa Leannon,Madeline Rosenbaum@innovativesolutions2433.com,Clifton fort,Saint Vincent and the Grenadines
Nyah Hahn,Paxton Bauch@dynamiclabs2889.com,Schowalter borough,Bahamas
Jane Bogan,Ila Rutherford@creativedigital4032.com,Lake Omari Mills land,Uganda
Angeline Krajcik,Raymundo Hickle@happytech9650.com,Hammes borough,Sri Lanka
Jaime Franecki,Otha Orn@innovativesolutions8900.com,West Kristy Casper bury,Djibouti
Yvonne Schuppe,Rudolph Shanahan@smartdigital7008.com,Thiel furt,French Polynesia
Queenie Kling,Hassie Smith@happysolutions4966.com,Anderson side,Reunion
Taylor Wisoky,Nicolette Gleason@innovativetech1122.com,Douglas view,Zimbabwe
Henderson Gerhold,Alvena Oberbrunner@smartsolutions1830.com,Hessel town,Botswana
Zackary Emmerich,Gloria Bartoletti@dynamicventures8241.com,Baumbach land,Mauritania
Eliane Wyman,Lucious Zieme@brilliantdigital5985.com,Darion land,Iraq
Armand Balistreri,Emma Mertz@dynamicmedia2502.com,Jacobi mouth,Niue
Darlene Jenkins,Kacey O'Keefe@smartsolutions9622.com,Port Curt Mayert haven,Northern Mariana Islands
Deven Rutherford,Lisa Hickle@creativedigital7020.com,Goyette bury,Eritrea
Vince Sawayn,Conner Botsford@smartlabs4508.com,Schumm ton,Qatar
Emerald Kub,Mayra Cole@brilliantmedia9816.com,New Gennaro Sawayn shire,Russian Federation
Lonie Greenfelder,Deshawn Pfannerstill@quickventures2254.com,Chelsey view,Croatia
Wilfrid Macejkovic,Anibal Graham@quicklabs4019.com,Hugh port,Cameroon
Ethan Fahey,Madyson Hirthe@brilliantsystems3745.com,O'Keefe mouth,Liechtenstein
Misael Hansen,Rhoda Berge@brillianttech9768.com,Roob fort,Mali
Ludie Bashirian,Marc Nolan@smartventures7684.com,Weissnat furt,Uzbekistan
Evalyn Purdy,Elmira Padberg@dynamicventures2449.com,Schuster port,Dominica
Lavada Rutherford,Jolie Schultz@quicksystems3438.com,Reinger burgh,Kiribati
Freddy Walter,Lavon Hartmann@smartlabs5468.com,Cassin shire,Lao People's Democratic Republic
Anjali Braun,Edwina Marquardt@smartmedia9535.com,O'Keefe view,Brazil
Maya Emmerich,Wilfredo Hermann@quicksolutions6041.com,Sauer chester,Iraq
Jude Grimes,Zelma Hudson@happylabs7949.com,North Giovanny Sawayn bury,Micronesia
Mark Johnston,Zakary Dickens@smartventures7059.com,O'Keefe side,Singapore
Gianni Barrows,Lynn Sauer@dynamicventures5723.com,Legros town,Timor-Leste
Kiana Jerde,Louisa Rodriguez@smartventures2022.com,Lorine town,China
Griffin Homenick,Verner Rosenbaum@happysystems6019.com,Alexane berg,Micronesia
Kevon Carroll,Tressie Buckridge@dynamicmedia4801.com,Schamberger shire,Senegal
Zora Aufderhar,Anna Fisher@creativemedia8892.com,Schaefer fort,Djibouti
Orville Fisher,Hallie Kautzer@brilliantmedia4723.com,West Tavares Fadel fort,Myanmar
Sierra MacGyver,Laney Bashirian@smartventures4673.com,Lind mouth,Mali
Francisco Tromp,Kamron Dietrich@innovativemedia7589.com,Della mouth,Niue
Roderick Hegmann,Daisha Howe@dynamicsolutions9411.com,Immanuel burgh,South Africa
Lisette Hudson,Marta King@happysystems7525.com,Muller chester,French Polynesia
Beulah Paucek,Hellen Stokes@creativesolutions1078.com,Runolfsson land,Kyrgyz Republic
Joanne Rice,Keanu Sipes@smartventures7305.com,Alayna ton,Sri Lanka
Rosamond Heathcote,Lavern Mayer@dynamicventures5933.com,Sanford shire,Colombia
Joyce O'Keefe,Marcia Hudson@quicksolutions5206.com,Gutmann shire,Australia
Raymundo Dibbert,Edd Sauer@smartlabs6611.com,Rudy burgh,Romania
Breana Muller,Minnie Armstrong@brilliantsystems8574.com,Gislason berg,Sudan
Simeon Schinner,Dale Mann@innovativesystems9590.com,New Kaley Huel town,Russian Federation
Kariane Dickinson,Eloisa Maggio@smartmedia8034.com,Hamill burgh,Sri Lanka
Harold Powlowski,Melany Wilkinson@happytech3673.com,Dach burgh,Switzerland
Dianna Rau,Justine Skiles@brilliantventures6291.com,Friesen side,Germany
Zaria Hane,Vickie Little@brilliantventures8463.com,Lueilwitz ville,Uganda
Idell Morar,Jamison Oberbrunner@quickventures6092.com,Purdy berg,Norway
Carole VonRueden,Elmore Conroy@smartsystems1547.com,Reynolds port,Cook Islands
Jefferey Wisoky,Gaylord Considine@creativedigital6932.com,New Sally Stark mouth,Mayotte
Lindsey Langosh,Adam Bayer@dynamicventures7648.com,Port Ayla Weimann stad,Lesotho
Ara Schroeder,Arthur Schulist@quicktech5309.com,Turner burgh,Reunion
Demario Stokes,Darrell Ondricka@brilliantlabs2740.com,Conn haven,New Zealand
Dannie Jacobs,Nellie Hettinger@creativemedia6781.com,Jose side,Antarctica (the territory South of 60 deg S)
Natalie Prohaska,Amelie Schaefer@creativemedia2084.com,East Lance Friesen land,Romania
Jamie Emard,Adriana Pouros@happysolutions4724.com,Littel borough,Macedonia
Amely Abbott,Carmelo Stokes@smarttech3346.com,South Zoie Ryan side,Russian Federation
Anne Hahn,Elaina Padberg@quicksolutions6219.com,Bergnaum furt,Morocco
Hiram Pfeffer,Vincenzo Terry@happytech5115.com,Mervin mouth,Heard Island and McDonald Islands
Lavinia Abbott,Leann Fisher@quicktech6976.com,North Jessyca Lindgren stad,South Africa
Chelsea Shanahan,Monty Waters@brilliantsystems6350.com,Strosin mouth,Chile
Marcellus Torp,Eudora Brekke@innovativemedia9409.com,Stamm mouth,Saint Vincent and the Grenadines
Isabel Kuvalis,Gladys Heller@innovativetech2432.com,Casper land,Nigeria
Ardella Tillman,Greta Altenwerth@innovativesystems4533.com,Koch stad,Greenland
Hilda Tillman,Cyril Swaniawski@happytech4501.com,Rory ville,Saint Lucia
Albertha Lakin,Vicky Fay@brilliantmedia8608.com,North Guiseppe Bergnaum borough,Azerbaijan
Nicolette Schimmel,Jason Gleason@brillianttech6762.com,Quinn view,Philippines
Janice Abshire,Terrance Jast@creativemedia9420.com,Stokes ton,Cote d'Ivoire
Gregg Daniel,Cordelia Bosco@innovativemedia9207.com,Kuphal view,Fiji
Dangelo Russel,Cathy Strosin@happytech9750.com,Gerry ville,Aruba
Reynold Johnston,Brendan Jacobi@quicklabs3441.com,South Gregg Bosco haven,Yemen
Reyna Hand,Kasandra Buckridge@quicktech7270.com,South Tiffany Ferry town,Sudan
Mylene Becker,Candice Senger@smartsystems3440.com,Rath shire,Central African Republic
Norberto Hand,Adrain Rutherford@creativesystems7934.com,North Felipe Runolfsson port,Isle of Man
Christa Brekke,Janie Weissnat@creativedigital5362.com,Boehm stad,Macedonia
Madisyn Orn,Sim O'Kon@smartlabs1280.com,Feest stad,Saint Pierre and Miquelon
Nat Bauch,Brooks Fritsch@innovativedigital7026.com,Port Aniya Ankunding ton,Faroe Islands
Princess Hahn,Elena Collins@brilliantsolutions2661.com,West Vivian Feest land,Iceland
Angie Marvin,Jettie Schinner@dynamicdigital2409.com,Eliezer ville,Australia
Amie Flatley,Barton Sporer@happytech9411.com,Murray mouth,Norfolk Island
Austin Jones,Joshuah Macejkovic@creativetech3806.com,West Coy Kilback view,Antarctica (the territory South of 60 deg S)
Missouri Wilderman,Hettie Russel@smartsystems8164.com,Wintheiser furt,Sudan
Dianna Strosin,Sarai Schoen@brilliantsystems2836.com,Buckridge port,Gambia
Brayan Pollich,Winnifred Ward@dynamictech6901.com,Schuster ville,Panama
Otilia Kuhn,Erling Hermiston@happyventures8668.com,East Haley Dicki shire,Liberia
Adah Klein,Alda MacGyver@quicklabs5133.com,West Alexandro Schmitt bury,Bosnia and Herzegovina
Imelda Anderson,Makenna Turcotte@creativesolutions1189.com,Predovic view,Venezuela
Karelle Lind,Kody Lockman@smartsystems1302.com,Fahey stad,Syrian Arab Republic
Judge Anderson,Kaela Cummerata@smartlabs1577.com,Hartmann bury,Gabon
Michale Jones,Milford Ullrich@dynamicsystems6603.com,Boehm burgh,Saint Helena
Alfred Reinger,Alexander Schultz@happylabs1104.com,West Maryam Little bury,Uganda
Blake Kautzer,Dovie Nader@happytech2400.com,Beier furt,Slovakia (Slovak Republic)
Michale Rolfson,Tate Koelpin@happyventures3515.com,Alayna mouth,San Marino
Edd Bashirian,Jeremie Purdy@brilliantsystems5789.com,Ebert ville,Cayman Islands
Abbie Rowe,Charity Upton@quickmedia6872.com,Kellen chester,Italy
Jackeline Lebsack,Leonardo Gerhold@dynamicmedia1237.com,West Roderick Stanton ville,United Arab Emirates
Citlalli Friesen,Nathan Friesen@quicktech2012.com,Hoppe fort,Aruba
Dane Hand,Hannah Gorczany@quicklabs9984.com,Bennie ton,Maldives
Eino Kessler,Winfield Thiel@brilliantventures4635.com,New Sydnie Renner chester,Netherlands Antilles
Araceli Beatty,Trenton Tillman@dynamicdigital5674.com,Cole stad,Liechtenstein
Earnestine Boehm,Tiffany Koss@smarttech5866.com,Genesis berg,Peru
Meggie Krajcik,Claud Nolan@happyventures2509.com,Sanford mouth,Saint Kitts and Nevis
Rosa Stark,Brenda Schaden@innovativetech4929.com,Satterfield port,Israel
Noemi Beer,Lavonne Gutmann@smartventures3759.com,Dorthy ton,Tuvalu
Enos Runolfsdottir,Sebastian Gibson@creativelabs1856.com,Fisher furt,Denmark
Priscilla Friesen,Vern Dibbert@creativesolutions7275.com,Katheryn view,Cocos (Keeling) Islands
Mallie Robel,Eldred Metz@happydigital6143.com,Wehner mouth,Paraguay
Letha Zulauf,Aglae Klein@creativesystems7578.com,Abernathy side,Nauru
Susana Bergstrom,Gilbert Witting@innovativesolutions5297.com,North Berneice Murazik stad,Maldives
Jacques Schulist,Joanny Pfeffer@happymedia3969.com,Howe fort,India
Sydni Koelpin,Golda Bruen@brilliantmedia6147.com,Lindgren burgh,Myanmar
Zetta Ward,Haylee Luettgen@dynamicventures7401.com,MacGyver side,Gabon
Hardy Keebler,Cristopher Trantow@dynamicventures5374.com,Abbott mouth,Lesotho
Kallie Jacobs,Quinn Roberts@creativetech3615.com,Port Meaghan Gleason ville,Argentina
Faustino Jacobson,Lyric Jast@brilliantsolutions7429.com,Kessler furt,Kiribati
Melvina Runolfsdottir,Berneice Fritsch@smartmedia8375.com,Runte chester,France
Pasquale Tillman,Natalie Wiegand@brilliantventures9152.com,Cronin view,Switzerland
Brigitte Marvin,Sallie Sipes@creativeventures5529.com,Pfeffer fort,Estonia
Grady Hayes,Kyla Lemke@innovativesystems6194.com,Kiehn view,Sierra Leone
Alexandra Boehm,Maribel Jaskolski@smartmedia8764.com,Hackett berg,China
